original_folder,event,sensor,file,rows,columns,malformed_rows,missing_values,bad_timestamps,timestamp_format,median_interval_ms,error
S2_CloseBigBox_1_extracted,Event_0,JinsAccelerometer,JinsAccelerometer_Event_0.data,100,4,0,0,0,epoch milliseconds (2018-03-06 14:09:51.776000),52.0,
S2_CloseBigBox_1_extracted,Event_0,JinsBlinkSpeed,JinsBlinkSpeed_Event_0.data,100,2,0,0,0,epoch milliseconds (2018-03-06 14:09:51.776000),52.0,
S2_CloseBigBox_1_extracted,Event_0,JinsBlinkStrength,JinsBlinkStrength_Event_0.data,100,2,0,0,0,epoch milliseconds (2018-03-06 14:09:51.776000),52.0,
S2_CloseBigBox_1_extracted,Event_0,JinsEyeMovement,JinsEyeMovement_Event_0.data,100,5,0,0,0,epoch milliseconds (2018-03-06 14:09:51.776000),52.0,
S2_CloseBigBox_1_extracted,Event_0,JinsGyroscope,JinsGyroscope_Event_0.data,100,4,0,0,0,epoch milliseconds (2018-03-06 14:09:51.776000),52.0,
S2_CloseBigBox_1_extracted,Event_0,PhoneAccelerometer,PhoneAccelerometer_Event_0.data,992,4,0,0,0,epoch milliseconds (2018-03-06 14:09:51.719000),5.0,
S2_CloseBigBox_1_extracted,Event_0,PhoneGravity,PhoneGravity_Event_0.data,991,4,0,0,0,epoch milliseconds (2018-03-06 14:09:51.718000),5.0,
S2_CloseBigBox_1_extracted,Event_0,PhoneGyroscope,PhoneGyroscope_Event_0.data,990,4,0,0,0,epoch milliseconds (2018-03-06 14:09:51.720000),5.0,
S2_CloseBigBox_1_extracted,Event_0,PhoneLinearAccelerometer,PhoneLinearAccelerometer_Event_0.data,991,4,0,0,0,epoch milliseconds (2018-03-06 14:09:51.720000),5.0,
S2_CloseBigBox_1_extracted,Event_0,PhoneMagnetometer,PhoneMagnetometer_Event_0.data,501,4,0,0,0,epoch milliseconds (2018-03-06 14:09:51.725000),10.0,
S2_CloseBigBox_1_extracted,Event_0,android.sensor.accelerometer,android.sensor.accelerometer_Event_0.data,497,4,0,0,0,epoch milliseconds (2018-03-06 14:09:51.720000),10.0,
S2_CloseBigBox_1_extracted,Event_0,android.sensor.gyroscope,android.sensor.gyroscope_Event_0.data,497,4,0,0,0,epoch milliseconds (2018-03-06 14:09:51.728000),10.0,
S2_CloseBigBox_1_extracted,Event_1,JinsAccelerometer,JinsAccelerometer_Event_1.data,99,4,0,0,0,epoch milliseconds (2018-03-06 14:10:02.956000),52.0,
S2_CloseBigBox_1_extracted,Event_1,JinsBlinkSpeed,JinsBlinkSpeed_Event_1.data,99,2,0,0,0,epoch milliseconds (2018-03-06 14:10:02.956000),52.0,
S2_CloseBigBox_1_extracted,Event_1,JinsBlinkStrength,JinsBlinkStrength_Event_1.data,99,2,0,0,0,epoch milliseconds (2018-03-06 14:10:02.956000),52.0,
S2_CloseBigBox_1_extracted,Event_1,JinsEyeMovement,JinsEyeMovement_Event_1.data,99,5,0,0,0,epoch milliseconds (2018-03-06 14:10:02.956000),52.0,
S2_CloseBigBox_1_extracted,Event_1,JinsGyroscope,JinsGyroscope_Event_1.data,99,4,0,0,0,epoch milliseconds (2018-03-06 14:10:02.956000),52.0,
S2_CloseBigBox_1_extracted,Event_1,PhoneAccelerometer,PhoneAccelerometer_Event_1.data,990,4,0,0,0,epoch milliseconds (2018-03-06 14:10:02.909000),5.0,
S2_CloseBigBox_1_extracted,Event_1,PhoneGravity,PhoneGravity_Event_1.data,991,4,0,0,0,epoch milliseconds (2018-03-06 14:10:02.908000),5.0,
S2_CloseBigBox_1_extracted,Event_1,PhoneGyroscope,PhoneGyroscope_Event_1.data,989,4,0,0,0,epoch milliseconds (2018-03-06 14:10:02.907000),5.0,
S2_CloseBigBox_1_extracted,Event_1,PhoneLinearAccelerometer,PhoneLinearAccelerometer_Event_1.data,989,4,0,0,0,epoch milliseconds (2018-03-06 14:10:02.905000),5.0,
S2_CloseBigBox_1_extracted,Event_1,PhoneMagnetometer,PhoneMagnetometer_Event_1.data,500,4,0,0,0,epoch milliseconds (2018-03-06 14:10:02.908000),10.0,
S2_CloseBigBox_1_extracted,Event_1,android.sensor.accelerometer,android.sensor.accelerometer_Event_1.data,486,4,0,0,0,epoch milliseconds (2018-03-06 14:10:02.910000),10.0,
S2_CloseBigBox_1_extracted,Event_1,android.sensor.gyroscope,android.sensor.gyroscope_Event_1.data,485,4,0,0,0,epoch milliseconds (2018-03-06 14:10:02.912000),10.0,
S2_CloseBigBox_1_extracted,Event_2,JinsAccelerometer,JinsAccelerometer_Event_2.data,101,4,0,0,0,epoch milliseconds (2018-03-06 14:10:14.659000),52.0,
S2_CloseBigBox_1_extracted,Event_2,JinsBlinkSpeed,JinsBlinkSpeed_Event_2.data,101,2,0,0,0,epoch milliseconds (2018-03-06 14:10:14.659000),52.0,
S2_CloseBigBox_1_extracted,Event_2,JinsBlinkStrength,JinsBlinkStrength_Event_2.data,101,2,0,0,0,epoch milliseconds (2018-03-06 14:10:14.659000),52.0,
S2_CloseBigBox_1_extracted,Event_2,JinsEyeMovement,JinsEyeMovement_Event_2.data,101,5,0,0,0,epoch milliseconds (2018-03-06 14:10:14.659000),52.0,
S2_CloseBigBox_1_extracted,Event_2,JinsGyroscope,JinsGyroscope_Event_2.data,101,4,0,0,0,epoch milliseconds (2018-03-06 14:10:14.659000),52.0,
S2_CloseBigBox_1_extracted,Event_2,PhoneAccelerometer,PhoneAccelerometer_Event_2.data,991,4,0,0,0,epoch milliseconds (2018-03-06 14:10:14.649000),5.0,
S2_CloseBigBox_1_extracted,Event_2,PhoneGravity,PhoneGravity_Event_2.data,992,4,0,0,0,epoch milliseconds (2018-03-06 14:10:14.649000),5.0,
S2_CloseBigBox_1_extracted,Event_2,PhoneGyroscope,PhoneGyroscope_Event_2.data,991,4,0,0,0,epoch milliseconds (2018-03-06 14:10:14.649000),5.0,
S2_CloseBigBox_1_extracted,Event_2,PhoneLinearAccelerometer,PhoneLinearAccelerometer_Event_2.data,990,4,0,0,0,epoch milliseconds (2018-03-06 14:10:14.650000),5.0,
S2_CloseBigBox_1_extracted,Event_2,PhoneMagnetometer,PhoneMagnetometer_Event_2.data,501,4,0,0,0,epoch milliseconds (2018-03-06 14:10:14.649000),10.0,
S2_CloseBigBox_1_extracted,Event_2,android.sensor.accelerometer,android.sensor.accelerometer_Event_2.data,504,4,0,0,0,epoch milliseconds (2018-03-06 14:10:14.653000),10.0,
S2_CloseBigBox_1_extracted,Event_2,android.sensor.gyroscope,android.sensor.gyroscope_Event_2.data,505,4,0,0,0,epoch milliseconds (2018-03-06 14:10:14.652000),10.0,
S2_CloseBigBox_1_extracted,Event_3,JinsAccelerometer,JinsAccelerometer_Event_3.data,100,4,0,0,0,epoch milliseconds (2018-03-06 14:10:29.148000),52.0,
S2_CloseBigBox_1_extracted,Event_3,JinsBlinkSpeed,JinsBlinkSpeed_Event_3.data,100,2,0,0,0,epoch milliseconds (2018-03-06 14:10:29.148000),52.0,
S2_CloseBigBox_1_extracted,Event_3,JinsBlinkStrength,JinsBlinkStrength_Event_3.data,100,2,0,0,0,epoch milliseconds (2018-03-06 14:10:29.148000),52.0,
S2_CloseBigBox_1_extracted,Event_3,JinsEyeMovement,JinsEyeMovement_Event_3.data,100,5,0,0,0,epoch milliseconds (2018-03-06 14:10:29.148000),52.0,
S2_CloseBigBox_1_extracted,Event_3,JinsGyroscope,JinsGyroscope_Event_3.data,100,4,0,0,0,epoch milliseconds (2018-03-06 14:10:29.148000),52.0,
S2_CloseBigBox_1_extracted,Event_3,PhoneAccelerometer,PhoneAccelerometer_Event_3.data,989,4,0,0,0,epoch milliseconds (2018-03-06 14:10:29.124000),5.0,
S2_CloseBigBox_1_extracted,Event_3,PhoneGravity,PhoneGravity_Event_3.data,991,4,0,0,0,epoch milliseconds (2018-03-06 14:10:29.124000),5.0,
S2_CloseBigBox_1_extracted,Event_3,PhoneGyroscope,PhoneGyroscope_Event_3.data,992,4,0,0,0,epoch milliseconds (2018-03-06 14:10:29.123000),5.0,
S2_CloseBigBox_1_extracted,Event_3,PhoneLinearAccelerometer,PhoneLinearAccelerometer_Event_3.data,992,4,0,0,0,epoch milliseconds (2018-03-06 14:10:29.120000),5.0,
S2_CloseBigBox_1_extracted,Event_3,PhoneMagnetometer,PhoneMagnetometer_Event_3.data,501,4,0,0,0,epoch milliseconds (2018-03-06 14:10:29.125000),10.0,
S2_CloseBigBox_1_extracted,Event_3,android.sensor.accelerometer,android.sensor.accelerometer_Event_3.data,497,4,0,0,0,epoch milliseconds (2018-03-06 14:10:29.122000),10.0,
S2_CloseBigBox_1_extracted,Event_3,android.sensor.gyroscope,android.sensor.gyroscope_Event_3.data,496,4,0,0,0,epoch milliseconds (2018-03-06 14:10:29.122000),10.0,
S2_CloseBigBox_1_extracted,Event_4,JinsAccelerometer,JinsAccelerometer_Event_4.data,100,4,0,0,0,epoch milliseconds (2018-03-06 14:10:40.650000),52.0,
S2_CloseBigBox_1_extracted,Event_4,JinsBlinkSpeed,JinsBlinkSpeed_Event_4.data,100,2,0,0,0,epoch milliseconds (2018-03-06 14:10:40.650000),52.0,
S2_CloseBigBox_1_extracted,Event_4,JinsBlinkStrength,JinsBlinkStrength_Event_4.data,100,2,0,0,0,epoch milliseconds (2018-03-06 14:10:40.650000),52.0,
S2_CloseBigBox_1_extracted,Event_4,JinsEyeMovement,JinsEyeMovement_Event_4.data,100,5,0,0,0,epoch milliseconds (2018-03-06 14:10:40.650000),52.0,
S2_CloseBigBox_1_extracted,Event_4,JinsGyroscope,JinsGyroscope_Event_4.data,100,4,0,0,0,epoch milliseconds (2018-03-06 14:10:40.650000),52.0,
S2_CloseBigBox_1_extracted,Event_4,PhoneAccelerometer,PhoneAccelerometer_Event_4.data,990,4,0,0,0,epoch milliseconds (2018-03-06 14:10:40.644000),5.0,
S2_CloseBigBox_1_extracted,Event_4,PhoneGravity,PhoneGravity_Event_4.data,981,4,0,0,0,epoch milliseconds (2018-03-06 14:10:40.644000),5.0,
S2_CloseBigBox_1_extracted,Event_4,PhoneGyroscope,PhoneGyroscope_Event_4.data,981,4,0,0,0,epoch milliseconds (2018-03-06 14:10:40.640000),5.0,
S2_CloseBigBox_1_extracted,Event_4,PhoneLinearAccelerometer,PhoneLinearAccelerometer_Event_4.data,982,4,0,0,0,epoch milliseconds (2018-03-06 14:10:40.643000),5.0,
S2_CloseBigBox_1_extracted,Event_4,PhoneMagnetometer,PhoneMagnetometer_Event_4.data,501,4,0,0,0,epoch milliseconds (2018-03-06 14:10:40.644000),10.0,
S2_CloseBigBox_1_extracted,Event_4,android.sensor.accelerometer,android.sensor.accelerometer_Event_4.data,503,4,0,0,0,epoch milliseconds (2018-03-06 14:10:40.648000),10.0,
S2_CloseBigBox_1_extracted,Event_4,android.sensor.gyroscope,android.sensor.gyroscope_Event_4.data,504,4,0,0,0,epoch milliseconds (2018-03-06 14:10:40.644000),10.0,
S2_CloseBigBox_1_extracted,Event_5,JinsAccelerometer,JinsAccelerometer_Event_5.data,100,4,0,0,0,epoch milliseconds (2018-03-06 14:10:53.360000),52.0,
S2_CloseBigBox_1_extracted,Event_5,JinsBlinkSpeed,JinsBlinkSpeed_Event_5.data,100,2,0,0,0,epoch milliseconds (2018-03-06 14:10:53.360000),52.0,
S2_CloseBigBox_1_extracted,Event_5,JinsBlinkStrength,JinsBlinkStrength_Event_5.data,100,2,0,0,0,epoch milliseconds (2018-03-06 14:10:53.360000),52.0,
S2_CloseBigBox_1_extracted,Event_5,JinsEyeMovement,JinsEyeMovement_Event_5.data,100,5,0,0,0,epoch milliseconds (2018-03-06 14:10:53.360000),52.0,
S2_CloseBigBox_1_extracted,Event_5,JinsGyroscope,JinsGyroscope_Event_5.data,100,4,0,0,0,epoch milliseconds (2018-03-06 14:10:53.360000),52.0,
S2_CloseBigBox_1_extracted,Event_5,PhoneAccelerometer,PhoneAccelerometer_Event_5.data,990,4,0,0,0,epoch milliseconds (2018-03-06 14:10:53.338000),5.0,
S2_CloseBigBox_1_extracted,Event_5,PhoneGravity,PhoneGravity_Event_5.data,989,4,0,0,0,epoch milliseconds (2018-03-06 14:10:53.339000),5.0,
S2_CloseBigBox_1_extracted,Event_5,PhoneGyroscope,PhoneGyroscope_Event_5.data,990,4,0,0,0,epoch milliseconds (2018-03-06 14:10:53.339000),5.0,
S2_CloseBigBox_1_extracted,Event_5,PhoneLinearAccelerometer,PhoneLinearAccelerometer_Event_5.data,990,4,0,0,0,epoch milliseconds (2018-03-06 14:10:53.337000),5.0,
S2_CloseBigBox_1_extracted,Event_5,PhoneMagnetometer,PhoneMagnetometer_Event_5.data,501,4,0,0,0,epoch milliseconds (2018-03-06 14:10:53.336000),10.0,
S2_CloseBigBox_1_extracted,Event_5,android.sensor.accelerometer,android.sensor.accelerometer_Event_5.data,494,4,0,0,0,epoch milliseconds (2018-03-06 14:10:53.343000),10.0,
S2_CloseBigBox_1_extracted,Event_5,android.sensor.gyroscope,android.sensor.gyroscope_Event_5.data,493,4,0,0,0,epoch milliseconds (2018-03-06 14:10:53.345000),10.0,
S2_CloseBigBox_1_extracted,Event_6,JinsAccelerometer,JinsAccelerometer_Event_6.data,100,4,0,0,0,epoch milliseconds (2018-03-06 14:11:12.258000),52.0,
S2_CloseBigBox_1_extracted,Event_6,JinsBlinkSpeed,JinsBlinkSpeed_Event_6.data,100,2,0,0,0,epoch milliseconds (2018-03-06 14:11:12.258000),52.0,
S2_CloseBigBox_1_extracted,Event_6,JinsBlinkStrength,JinsBlinkStrength_Event_6.data,100,2,0,0,0,epoch milliseconds (2018-03-06 14:11:12.258000),52.0,
S2_CloseBigBox_1_extracted,Event_6,JinsEyeMovement,JinsEyeMovement_Event_6.data,100,5,0,0,0,epoch milliseconds (2018-03-06 14:11:12.258000),52.0,
S2_CloseBigBox_1_extracted,Event_6,JinsGyroscope,JinsGyroscope_Event_6.data,100,4,0,0,0,epoch milliseconds (2018-03-06 14:11:12.258000),52.0,
S2_CloseBigBox_1_extracted,Event_6,PhoneAccelerometer,PhoneAccelerometer_Event_6.data,991,4,0,0,0,epoch milliseconds (2018-03-06 14:11:12.240000),5.0,
S2_CloseBigBox_1_extracted,Event_6,PhoneGravity,PhoneGravity_Event_6.data,990,4,0,0,0,epoch milliseconds (2018-03-06 14:11:12.242000),5.0,
S2_CloseBigBox_1_extracted,Event_6,PhoneGyroscope,PhoneGyroscope_Event_6.data,991,4,0,0,0,epoch milliseconds (2018-03-06 14:11:12.240000),5.0,
S2_CloseBigBox_1_extracted,Event_6,PhoneLinearAccelerometer,PhoneLinearAccelerometer_Event_6.data,989,4,0,0,0,epoch milliseconds (2018-03-06 14:11:12.244000),5.0,
S2_CloseBigBox_1_extracted,Event_6,PhoneMagnetometer,PhoneMagnetometer_Event_6.data,500,4,0,0,0,epoch milliseconds (2018-03-06 14:11:12.249000),10.0,
S2_CloseBigBox_1_extracted,Event_6,android.sensor.accelerometer,android.sensor.accelerometer_Event_6.data,505,4,0,0,0,epoch milliseconds (2018-03-06 14:11:12.244000),10.0,
S2_CloseBigBox_1_extracted,Event_6,android.sensor.gyroscope,android.sensor.gyroscope_Event_6.data,506,4,0,0,0,epoch milliseconds (2018-03-06 14:11:12.241000),10.0,
S2_CloseBigBox_1_extracted,Event_7,JinsAccelerometer,JinsAccelerometer_Event_7.data,100,4,0,0,0,epoch milliseconds (2018-03-06 14:11:25.457000),53.0,
S2_CloseBigBox_1_extracted,Event_7,JinsBlinkSpeed,JinsBlinkSpeed_Event_7.data,100,2,0,0,0,epoch milliseconds (2018-03-06 14:11:25.457000),53.0,
S2_CloseBigBox_1_extracted,Event_7,JinsBlinkStrength,JinsBlinkStrength_Event_7.data,100,2,0,0,0,epoch milliseconds (2018-03-06 14:11:25.457000),53.0,
S2_CloseBigBox_1_extracted,Event_7,JinsEyeMovement,JinsEyeMovement_Event_7.data,100,5,0,0,0,epoch milliseconds (2018-03-06 14:11:25.457000),53.0,
S2_CloseBigBox_1_extracted,Event_7,JinsGyroscope,JinsGyroscope_Event_7.data,100,4,0,0,0,epoch milliseconds (2018-03-06 14:11:25.457000),53.0,
S2_CloseBigBox_1_extracted,Event_7,PhoneAccelerometer,PhoneAccelerometer_Event_7.data,991,4,0,0,0,epoch milliseconds (2018-03-06 14:11:25.440000),5.0,
S2_CloseBigBox_1_extracted,Event_7,PhoneGravity,PhoneGravity_Event_7.data,991,4,0,0,0,epoch milliseconds (2018-03-06 14:11:25.441000),5.0,
S2_CloseBigBox_1_extracted,Event_7,PhoneGyroscope,PhoneGyroscope_Event_7.data,993,4,0,0,0,epoch milliseconds (2018-03-06 14:11:25.440000),5.0,
S2_CloseBigBox_1_extracted,Event_7,PhoneLinearAccelerometer,PhoneLinearAccelerometer_Event_7.data,990,4,0,0,0,epoch milliseconds (2018-03-06 14:11:25.443000),5.0,
S2_CloseBigBox_1_extracted,Event_7,PhoneMagnetometer,PhoneMagnetometer_Event_7.data,501,4,0,0,0,epoch milliseconds (2018-03-06 14:11:25.441000),10.0,
S2_CloseBigBox_1_extracted,Event_7,android.sensor.accelerometer,android.sensor.accelerometer_Event_7.data,501,4,0,0,0,epoch milliseconds (2018-03-06 14:11:25.444000),10.0,
S2_CloseBigBox_1_extracted,Event_7,android.sensor.gyroscope,android.sensor.gyroscope_Event_7.data,500,4,0,0,0,epoch milliseconds (2018-03-06 14:11:25.446000),10.0,
S2_CloseBigBox_1_extracted,Event_8,JinsAccelerometer,JinsAccelerometer_Event_8.data,100,4,0,0,0,epoch milliseconds (2018-03-06 14:11:39.105000),53.0,
S2_CloseBigBox_1_extracted,Event_8,JinsBlinkSpeed,JinsBlinkSpeed_Event_8.data,100,2,0,0,0,epoch milliseconds (2018-03-06 14:11:39.105000),53.0,
S2_CloseBigBox_1_extracted,Event_8,JinsBlinkStrength,JinsBlinkStrength_Event_8.data,100,2,0,0,0,epoch milliseconds (2018-03-06 14:11:39.105000),53.0,
S2_CloseBigBox_1_extracted,Event_8,JinsEyeMovement,JinsEyeMovement_Event_8.data,100,5,0,0,0,epoch milliseconds (2018-03-06 14:11:39.105000),53.0,
S2_CloseBigBox_1_extracted,Event_8,JinsGyroscope,JinsGyroscope_Event_8.data,100,4,0,0,0,epoch milliseconds (2018-03-06 14:11:39.105000),53.0,
S2_CloseBigBox_1_extracted,Event_8,PhoneAccelerometer,PhoneAccelerometer_Event_8.data,992,4,0,0,0,epoch milliseconds (2018-03-06 14:11:39.082000),5.0,
S2_CloseBigBox_1_extracted,Event_8,PhoneGravity,PhoneGravity_Event_8.data,992,4,0,0,0,epoch milliseconds (2018-03-06 14:11:39.083000),5.0,
S2_CloseBigBox_1_extracted,Event_8,PhoneGyroscope,PhoneGyroscope_Event_8.data,991,4,0,0,0,epoch milliseconds (2018-03-06 14:11:39.084000),5.0,
S2_CloseBigBox_1_extracted,Event_8,PhoneLinearAccelerometer,PhoneLinearAccelerometer_Event_8.data,992,4,0,0,0,epoch milliseconds (2018-03-06 14:11:39.083000),5.0,
S2_CloseBigBox_1_extracted,Event_8,PhoneMagnetometer,PhoneMagnetometer_Event_8.data,501,4,0,0,0,epoch milliseconds (2018-03-06 14:11:39.083000),10.0,
S2_CloseBigBox_1_extracted,Event_8,android.sensor.accelerometer,android.sensor.accelerometer_Event_8.data,504,4,0,0,0,epoch milliseconds (2018-03-06 14:11:39.084000),10.0,
S2_CloseBigBox_1_extracted,Event_8,android.sensor.gyroscope,android.sensor.gyroscope_Event_8.data,505,4,0,0,0,epoch milliseconds (2018-03-06 14:11:39.084000),10.0,
S2_CloseBigBox_1_extracted,Event_9,JinsAccelerometer,JinsAccelerometer_Event_9.data,100,4,0,0,0,epoch milliseconds (2018-03-06 14:11:51.706000),53.0,
S2_CloseBigBox_1_extracted,Event_9,JinsBlinkSpeed,JinsBlinkSpeed_Event_9.data,100,2,0,0,0,epoch milliseconds (2018-03-06 14:11:51.706000),53.0,
S2_CloseBigBox_1_extracted,Event_9,JinsBlinkStrength,JinsBlinkStrength_Event_9.data,100,2,0,0,0,epoch milliseconds (2018-03-06 14:11:51.706000),53.0,
S2_CloseBigBox_1_extracted,Event_9,JinsEyeMovement,JinsEyeMovement_Event_9.data,100,5,0,0,0,epoch milliseconds (2018-03-06 14:11:51.706000),53.0,
S2_CloseBigBox_1_extracted,Event_9,JinsGyroscope,JinsGyroscope_Event_9.data,100,4,0,0,0,epoch milliseconds (2018-03-06 14:11:51.706000),53.0,
S2_CloseBigBox_1_extracted,Event_9,PhoneAccelerometer,PhoneAccelerometer_Event_9.data,991,4,0,0,0,epoch milliseconds (2018-03-06 14:11:51.708000),5.0,
S2_CloseBigBox_1_extracted,Event_9,PhoneGravity,PhoneGravity_Event_9.data,992,4,0,0,0,epoch milliseconds (2018-03-06 14:11:51.704000),5.0,
S2_CloseBigBox_1_extracted,Event_9,PhoneGyroscope,PhoneGyroscope_Event_9.data,991,4,0,0,0,epoch milliseconds (2018-03-06 14:11:51.707000),5.0,
S2_CloseBigBox_1_extracted,Event_9,PhoneLinearAccelerometer,PhoneLinearAccelerometer_Event_9.data,989,4,0,0,0,epoch milliseconds (2018-03-06 14:11:51.706000),5.0,
S2_CloseBigBox_1_extracted,Event_9,PhoneMagnetometer,PhoneMagnetometer_Event_9.data,501,4,0,0,0,epoch milliseconds (2018-03-06 14:11:51.713000),10.0,
S2_CloseBigBox_1_extracted,Event_9,android.sensor.accelerometer,android.sensor.accelerometer_Event_9.data,489,4,0,0,0,epoch milliseconds (2018-03-06 14:11:51.706000),10.0,
S2_CloseBigBox_1_extracted,Event_9,android.sensor.gyroscope,android.sensor.gyroscope_Event_9.data,489,4,0,0,0,epoch milliseconds (2018-03-06 14:11:51.711000),10.0,
S2_CloseBigBox_2_extracted,Event_0,JinsAccelerometer,JinsAccelerometer_Event_0.data,100,4,0,0,0,epoch milliseconds (2018-03-06 14:13:39.964000),53.0,
S2_CloseBigBox_2_extracted,Event_0,JinsBlinkSpeed,JinsBlinkSpeed_Event_0.data,100,2,0,0,0,epoch milliseconds (2018-03-06 14:13:39.964000),53.0,
S2_CloseBigBox_2_extracted,Event_0,JinsBlinkStrength,JinsBlinkStrength_Event_0.data,100,2,0,0,0,epoch milliseconds (2018-03-06 14:13:39.964000),53.0,
S2_CloseBigBox_2_extracted,Event_0,JinsEyeMovement,JinsEyeMovement_Event_0.data,100,5,0,0,0,epoch milliseconds (2018-03-06 14:13:39.964000),53.0,
S2_CloseBigBox_2_extracted,Event_0,JinsGyroscope,JinsGyroscope_Event_0.data,100,4,0,0,0,epoch milliseconds (2018-03-06 14:13:39.964000),53.0,
S2_CloseBigBox_2_extracted,Event_0,PhoneAccelerometer,PhoneAccelerometer_Event_0.data,990,4,0,0,0,epoch milliseconds (2018-03-06 14:13:39.945000),5.0,
S2_CloseBigBox_2_extracted,Event_0,PhoneGravity,PhoneGravity_Event_0.data,991,4,0,0,0,epoch milliseconds (2018-03-06 14:13:39.943000),5.0,
S2_CloseBigBox_2_extracted,Event_0,PhoneGyroscope,PhoneGyroscope_Event_0.data,989,4,0,0,0,epoch milliseconds (2018-03-06 14:13:39.944000),5.0,
S2_CloseBigBox_2_extracted,Event_0,PhoneLinearAccelerometer,PhoneLinearAccelerometer_Event_0.data,990,4,0,0,0,epoch milliseconds (2018-03-06 14:13:39.943000),5.0,
S2_CloseBigBox_2_extracted,Event_0,PhoneMagnetometer,PhoneMagnetometer_Event_0.data,501,4,0,0,0,epoch milliseconds (2018-03-06 14:13:39.945000),10.0,
S2_CloseBigBox_2_extracted,Event_0,android.sensor.accelerometer,android.sensor.accelerometer_Event_0.data,504,4,0,0,0,epoch milliseconds (2018-03-06 14:13:39.943000),10.0,
S2_CloseBigBox_2_extracted,Event_0,android.sensor.gyroscope,android.sensor.gyroscope_Event_0.data,503,4,0,0,0,epoch milliseconds (2018-03-06 14:13:39.944000),10.0,
S2_CloseBigBox_2_extracted,Event_1,JinsAccelerometer,JinsAccelerometer_Event_1.data,100,4,0,0,0,epoch milliseconds (2018-03-06 14:13:51.620000),52.0,
S2_CloseBigBox_2_extracted,Event_1,JinsBlinkSpeed,JinsBlinkSpeed_Event_1.data,100,2,0,0,0,epoch milliseconds (2018-03-06 14:13:51.620000),52.0,
S2_CloseBigBox_2_extracted,Event_1,JinsBlinkStrength,JinsBlinkStrength_Event_1.data,100,2,0,0,0,epoch milliseconds (2018-03-06 14:13:51.620000),52.0,
S2_CloseBigBox_2_extracted,Event_1,JinsEyeMovement,JinsEyeMovement_Event_1.data,100,5,0,0,0,epoch milliseconds (2018-03-06 14:13:51.620000),52.0,
S2_CloseBigBox_2_extracted,Event_1,JinsGyroscope,JinsGyroscope_Event_1.data,100,4,0,0,0,epoch milliseconds (2018-03-06 14:13:51.620000),52.0,
S2_CloseBigBox_2_extracted,Event_1,PhoneAccelerometer,PhoneAccelerometer_Event_1.data,992,4,0,0,0,epoch milliseconds (2018-03-06 14:13:51.593000),5.0,
S2_CloseBigBox_2_extracted,Event_1,PhoneGravity,PhoneGravity_Event_1.data,992,4,0,0,0,epoch milliseconds (2018-03-06 14:13:51.593000),5.0,
S2_CloseBigBox_2_extracted,Event_1,PhoneGyroscope,PhoneGyroscope_Event_1.data,992,4,0,0,0,epoch milliseconds (2018-03-06 14:13:51.595000),5.0,
S2_CloseBigBox_2_extracted,Event_1,PhoneLinearAccelerometer,PhoneLinearAccelerometer_Event_1.data,991,4,0,0,0,epoch milliseconds (2018-03-06 14:13:51.595000),5.0,
S2_CloseBigBox_2_extracted,Event_1,PhoneMagnetometer,PhoneMagnetometer_Event_1.data,501,4,0,0,0,epoch milliseconds (2018-03-06 14:13:51.593000),10.0,
S2_CloseBigBox_2_extracted,Event_1,android.sensor.accelerometer,android.sensor.accelerometer_Event_1.data,503,4,0,0,0,epoch milliseconds (2018-03-06 14:13:51.596000),10.0,
S2_CloseBigBox_2_extracted,Event_1,android.sensor.gyroscope,android.sensor.gyroscope_Event_1.data,502,4,0,0,0,epoch milliseconds (2018-03-06 14:13:51.599000),10.0,
S2_CloseBigBox_2_extracted,Event_2,JinsAccelerometer,JinsAccelerometer_Event_2.data,100,4,0,0,0,epoch milliseconds (2018-03-06 14:14:04.718000),53.0,
S2_CloseBigBox_2_extracted,Event_2,JinsBlinkSpeed,JinsBlinkSpeed_Event_2.data,100,2,0,0,0,epoch milliseconds (2018-03-06 14:14:04.718000),53.0,
S2_CloseBigBox_2_extracted,Event_2,JinsBlinkStrength,JinsBlinkStrength_Event_2.data,100,2,0,0,0,epoch milliseconds (2018-03-06 14:14:04.718000),53.0,
S2_CloseBigBox_2_extracted,Event_2,JinsEyeMovement,JinsEyeMovement_Event_2.data,100,5,0,0,0,epoch milliseconds (2018-03-06 14:14:04.718000),53.0,
S2_CloseBigBox_2_extracted,Event_2,JinsGyroscope,JinsGyroscope_Event_2.data,100,4,0,0,0,epoch milliseconds (2018-03-06 14:14:04.718000),53.0,
S2_CloseBigBox_2_extracted,Event_2,PhoneAccelerometer,PhoneAccelerometer_Event_2.data,992,4,0,0,0,epoch milliseconds (2018-03-06 14:14:04.703000),5.0,
S2_CloseBigBox_2_extracted,Event_2,PhoneGravity,PhoneGravity_Event_2.data,991,4,0,0,0,epoch milliseconds (2018-03-06 14:14:04.706000),5.0,
S2_CloseBigBox_2_extracted,Event_2,PhoneGyroscope,PhoneGyroscope_Event_2.data,992,4,0,0,0,epoch milliseconds (2018-03-06 14:14:04.704000),5.0,
S2_CloseBigBox_2_extracted,Event_2,PhoneLinearAccelerometer,PhoneLinearAccelerometer_Event_2.data,991,4,0,0,0,epoch milliseconds (2018-03-06 14:14:04.706000),5.0,
S2_CloseBigBox_2_extracted,Event_2,PhoneMagnetometer,PhoneMagnetometer_Event_2.data,501,4,0,0,0,epoch milliseconds (2018-03-06 14:14:04.704000),10.0,
S2_CloseBigBox_2_extracted,Event_2,android.sensor.accelerometer,android.sensor.accelerometer_Event_2.data,498,4,0,0,0,epoch milliseconds (2018-03-06 14:14:04.704000),10.0,
S2_CloseBigBox_2_extracted,Event_2,android.sensor.gyroscope,android.sensor.gyroscope_Event_2.data,498,4,0,0,0,epoch milliseconds (2018-03-06 14:14:04.712000),10.0,
S2_CloseBigBox_2_extracted,Event_3,JinsAccelerometer,JinsAccelerometer_Event_3.data,100,4,0,0,0,epoch milliseconds (2018-03-06 14:14:18.526000),52.0,
S2_CloseBigBox_2_extracted,Event_3,JinsBlinkSpeed,JinsBlinkSpeed_Event_3.data,100,2,0,0,0,epoch milliseconds (2018-03-06 14:14:18.526000),52.0,
S2_CloseBigBox_2_extracted,Event_3,JinsBlinkStrength,JinsBlinkStrength_Event_3.data,100,2,0,0,0,epoch milliseconds (2018-03-06 14:14:18.526000),52.0,
S2_CloseBigBox_2_extracted,Event_3,JinsEyeMovement,JinsEyeMovement_Event_3.data,100,5,0,0,0,epoch milliseconds (2018-03-06 14:14:18.526000),52.0,
S2_CloseBigBox_2_extracted,Event_3,JinsGyroscope,JinsGyroscope_Event_3.data,100,4,0,0,0,epoch milliseconds (2018-03-06 14:14:18.526000),52.0,
S2_CloseBigBox_2_extracted,Event_3,PhoneAccelerometer,PhoneAccelerometer_Event_3.data,991,4,0,0,0,epoch milliseconds (2018-03-06 14:14:18.512000),5.0,
S2_CloseBigBox_2_extracted,Event_3,PhoneGravity,PhoneGravity_Event_3.data,990,4,0,0,0,epoch milliseconds (2018-03-06 14:14:18.514000),5.0,
S2_CloseBigBox_2_extracted,Event_3,PhoneGyroscope,PhoneGyroscope_Event_3.data,991,4,0,0,0,epoch milliseconds (2018-03-06 14:14:18.513000),5.0,
S2_CloseBigBox_2_extracted,Event_3,PhoneLinearAccelerometer,PhoneLinearAccelerometer_Event_3.data,990,4,0,0,0,epoch milliseconds (2018-03-06 14:14:18.514000),5.0,
S2_CloseBigBox_2_extracted,Event_3,PhoneMagnetometer,PhoneMagnetometer_Event_3.data,501,4,0,0,0,epoch milliseconds (2018-03-06 14:14:18.514000),10.0,
S2_CloseBigBox_2_extracted,Event_3,android.sensor.accelerometer,android.sensor.accelerometer_Event_3.data,504,4,0,0,0,epoch milliseconds (2018-03-06 14:14:18.516000),10.0,
S2_CloseBigBox_2_extracted,Event_3,android.sensor.gyroscope,android.sensor.gyroscope_Event_3.data,505,4,0,0,0,epoch milliseconds (2018-03-06 14:14:18.512000),10.0,
S2_CloseBigBox_2_extracted,Event_4,JinsAccelerometer,JinsAccelerometer_Event_4.data,100,4,0,0,0,epoch milliseconds (2018-03-06 14:14:31.075000),52.0,
S2_CloseBigBox_2_extracted,Event_4,JinsBlinkSpeed,JinsBlinkSpeed_Event_4.data,100,2,0,0,0,epoch milliseconds (2018-03-06 14:14:31.075000),52.0,
S2_CloseBigBox_2_extracted,Event_4,JinsBlinkStrength,JinsBlinkStrength_Event_4.data,100,2,0,0,0,epoch milliseconds (2018-03-06 14:14:31.075000),52.0,
S2_CloseBigBox_2_extracted,Event_4,JinsEyeMovement,JinsEyeMovement_Event_4.data,100,5,0,0,0,epoch milliseconds (2018-03-06 14:14:31.075000),52.0,
S2_CloseBigBox_2_extracted,Event_4,JinsGyroscope,JinsGyroscope_Event_4.data,100,4,0,0,0,epoch milliseconds (2018-03-06 14:14:31.075000),52.0,
S2_CloseBigBox_2_extracted,Event_4,PhoneAccelerometer,PhoneAccelerometer_Event_4.data,991,4,0,0,0,epoch milliseconds (2018-03-06 14:14:31.049000),5.0,
S2_CloseBigBox_2_extracted,Event_4,PhoneGravity,PhoneGravity_Event_4.data,989,4,0,0,0,epoch milliseconds (2018-03-06 14:14:31.051000),5.0,
S2_CloseBigBox_2_extracted,Event_4,PhoneGyroscope,PhoneGyroscope_Event_4.data,992,4,0,0,0,epoch milliseconds (2018-03-06 14:14:31.047000),5.0,
S2_CloseBigBox_2_extracted,Event_4,PhoneLinearAccelerometer,PhoneLinearAccelerometer_Event_4.data,989,4,0,0,0,epoch milliseconds (2018-03-06 14:14:31.047000),5.0,
S2_CloseBigBox_2_extracted,Event_4,PhoneMagnetometer,PhoneMagnetometer_Event_4.data,501,4,0,0,0,epoch milliseconds (2018-03-06 14:14:31.055000),10.0,
S2_CloseBigBox_2_extracted,Event_4,android.sensor.accelerometer,android.sensor.accelerometer_Event_4.data,490,4,0,0,0,epoch milliseconds (2018-03-06 14:14:31.049000),10.0,
S2_CloseBigBox_2_extracted,Event_4,android.sensor.gyroscope,android.sensor.gyroscope_Event_4.data,490,4,0,0,0,epoch milliseconds (2018-03-06 14:14:31.056000),10.0,
S2_CloseBigBox_2_extracted,Event_5,JinsAccelerometer,JinsAccelerometer_Event_5.data,100,4,0,0,0,epoch milliseconds (2018-03-06 14:14:44.225000),52.0,
S2_CloseBigBox_2_extracted,Event_5,JinsBlinkSpeed,JinsBlinkSpeed_Event_5.data,100,2,0,0,0,epoch milliseconds (2018-03-06 14:14:44.225000),52.0,
S2_CloseBigBox_2_extracted,Event_5,JinsBlinkStrength,JinsBlinkStrength_Event_5.data,100,2,0,0,0,epoch milliseconds (2018-03-06 14:14:44.225000),52.0,
S2_CloseBigBox_2_extracted,Event_5,JinsEyeMovement,JinsEyeMovement_Event_5.data,100,5,0,0,0,epoch milliseconds (2018-03-06 14:14:44.225000),52.0,
S2_CloseBigBox_2_extracted,Event_5,JinsGyroscope,JinsGyroscope_Event_5.data,100,4,0,0,0,epoch milliseconds (2018-03-06 14:14:44.225000),52.0,
S2_CloseBigBox_2_extracted,Event_5,PhoneAccelerometer,PhoneAccelerometer_Event_5.data,990,4,0,0,0,epoch milliseconds (2018-03-06 14:14:44.215000),5.0,
S2_CloseBigBox_2_extracted,Event_5,PhoneGravity,PhoneGravity_Event_5.data,985,4,0,0,0,epoch milliseconds (2018-03-06 14:14:44.219000),5.0,
S2_CloseBigBox_2_extracted,Event_5,PhoneGyroscope,PhoneGyroscope_Event_5.data,985,4,0,0,0,epoch milliseconds (2018-03-06 14:14:44.219000),5.0,
S2_CloseBigBox_2_extracted,Event_5,PhoneLinearAccelerometer,PhoneLinearAccelerometer_Event_5.data,986,4,0,0,0,epoch milliseconds (2018-03-06 14:14:44.216000),5.0,
S2_CloseBigBox_2_extracted,Event_5,PhoneMagnetometer,PhoneMagnetometer_Event_5.data,501,4,0,0,0,epoch milliseconds (2018-03-06 14:14:44.217000),10.0,
S2_CloseBigBox_2_extracted,Event_5,android.sensor.accelerometer,android.sensor.accelerometer_Event_5.data,508,4,0,0,0,epoch milliseconds (2018-03-06 14:14:44.224000),10.0,
S2_CloseBigBox_2_extracted,Event_5,android.sensor.gyroscope,android.sensor.gyroscope_Event_5.data,509,4,0,0,0,epoch milliseconds (2018-03-06 14:14:44.217000),10.0,
S2_CloseBigBox_2_extracted,Event_6,JinsAccelerometer,JinsAccelerometer_Event_6.data,100,4,0,0,0,epoch milliseconds (2018-03-06 14:15:02.024000),52.0,
S2_CloseBigBox_2_extracted,Event_6,JinsBlinkSpeed,JinsBlinkSpeed_Event_6.data,100,2,0,0,0,epoch milliseconds (2018-03-06 14:15:02.024000),52.0,
S2_CloseBigBox_2_extracted,Event_6,JinsBlinkStrength,JinsBlinkStrength_Event_6.data,100,2,0,0,0,epoch milliseconds (2018-03-06 14:15:02.024000),52.0,
S2_CloseBigBox_2_extracted,Event_6,JinsEyeMovement,JinsEyeMovement_Event_6.data,100,5,0,0,0,epoch milliseconds (2018-03-06 14:15:02.024000),52.0,
S2_CloseBigBox_2_extracted,Event_6,JinsGyroscope,JinsGyroscope_Event_6.data,100,4,0,0,0,epoch milliseconds (2018-03-06 14:15:02.024000),52.0,
S2_CloseBigBox_2_extracted,Event_6,PhoneAccelerometer,PhoneAccelerometer_Event_6.data,991,4,0,0,0,epoch milliseconds (2018-03-06 14:15:02.016000),5.0,
S2_CloseBigBox_2_extracted,Event_6,PhoneGravity,PhoneGravity_Event_6.data,991,4,0,0,0,epoch milliseconds (2018-03-06 14:15:02.014000),5.0,
S2_CloseBigBox_2_extracted,Event_6,PhoneGyroscope,PhoneGyroscope_Event_6.data,989,4,0,0,0,epoch milliseconds (2018-03-06 14:15:02.017000),5.0,
S2_CloseBigBox_2_extracted,Event_6,PhoneLinearAccelerometer,PhoneLinearAccelerometer_Event_6.data,991,4,0,0,0,epoch milliseconds (2018-03-06 14:15:02.016000),5.0,
S2_CloseBigBox_2_extracted,Event_6,PhoneMagnetometer,PhoneMagnetometer_Event_6.data,501,4,0,0,0,epoch milliseconds (2018-03-06 14:15:02.021000),10.0,
S2_CloseBigBox_2_extracted,Event_6,android.sensor.accelerometer,android.sensor.accelerometer_Event_6.data,504,4,0,0,0,epoch milliseconds (2018-03-06 14:15:02.016000),10.0,
S2_CloseBigBox_2_extracted,Event_6,android.sensor.gyroscope,android.sensor.gyroscope_Event_6.data,504,4,0,0,0,epoch milliseconds (2018-03-06 14:15:02.017000),10.0,
S2_CloseBigBox_2_extracted,Event_7,JinsAccelerometer,JinsAccelerometer_Event_7.data,101,4,0,0,0,epoch milliseconds (2018-03-06 14:15:14.734000),52.0,
S2_CloseBigBox_2_extracted,Event_7,JinsBlinkSpeed,JinsBlinkSpeed_Event_7.data,101,2,0,0,0,epoch milliseconds (2018-03-06 14:15:14.734000),52.0,
S2_CloseBigBox_2_extracted,Event_7,JinsBlinkStrength,JinsBlinkStrength_Event_7.data,101,2,0,0,0,epoch milliseconds (2018-03-06 14:15:14.734000),52.0,
S2_CloseBigBox_2_extracted,Event_7,JinsEyeMovement,JinsEyeMovement_Event_7.data,101,5,0,0,0,epoch milliseconds (2018-03-06 14:15:14.734000),52.0,
S2_CloseBigBox_2_extracted,Event_7,JinsGyroscope,JinsGyroscope_Event_7.data,101,4,0,0,0,epoch milliseconds (2018-03-06 14:15:14.734000),52.0,
S2_CloseBigBox_2_extracted,Event_7,PhoneAccelerometer,PhoneAccelerometer_Event_7.data,999,4,0,0,0,epoch milliseconds (2018-03-06 14:15:14.734000),5.0,
S2_CloseBigBox_2_extracted,Event_7,PhoneGravity,PhoneGravity_Event_7.data,991,4,0,0,0,epoch milliseconds (2018-03-06 14:15:14.737000),5.0,
S2_CloseBigBox_2_extracted,Event_7,PhoneGyroscope,PhoneGyroscope_Event_7.data,992,4,0,0,0,epoch milliseconds (2018-03-06 14:15:14.737000),5.0,
S2_CloseBigBox_2_extracted,Event_7,PhoneLinearAccelerometer,PhoneLinearAccelerometer_Event_7.data,992,4,0,0,0,epoch milliseconds (2018-03-06 14:15:14.735000),5.0,
S2_CloseBigBox_2_extracted,Event_7,PhoneMagnetometer,PhoneMagnetometer_Event_7.data,500,4,0,0,0,epoch milliseconds (2018-03-06 14:15:14.736000),10.0,
S2_CloseBigBox_2_extracted,Event_7,android.sensor.accelerometer,android.sensor.accelerometer_Event_7.data,505,4,0,0,0,epoch milliseconds (2018-03-06 14:15:14.736000),10.0,
S2_CloseBigBox_2_extracted,Event_7,android.sensor.gyroscope,android.sensor.gyroscope_Event_7.data,504,4,0,0,0,epoch milliseconds (2018-03-06 14:15:14.737000),10.0,
S2_CloseBigBox_2_extracted,Event_8,JinsAccelerometer,JinsAccelerometer_Event_8.data,101,4,0,0,0,epoch milliseconds (2018-03-06 14:15:27.987000),52.0,
S2_CloseBigBox_2_extracted,Event_8,JinsBlinkSpeed,JinsBlinkSpeed_Event_8.data,101,2,0,0,0,epoch milliseconds (2018-03-06 14:15:27.987000),52.0,
S2_CloseBigBox_2_extracted,Event_8,JinsBlinkStrength,JinsBlinkStrength_Event_8.data,101,2,0,0,0,epoch milliseconds (2018-03-06 14:15:27.987000),52.0,
S2_CloseBigBox_2_extracted,Event_8,JinsEyeMovement,JinsEyeMovement_Event_8.data,101,5,0,0,0,epoch milliseconds (2018-03-06 14:15:27.987000),52.0,
S2_CloseBigBox_2_extracted,Event_8,JinsGyroscope,JinsGyroscope_Event_8.data,101,4,0,0,0,epoch milliseconds (2018-03-06 14:15:27.987000),52.0,
S2_CloseBigBox_2_extracted,Event_8,PhoneAccelerometer,PhoneAccelerometer_Event_8.data,992,4,0,0,0,epoch milliseconds (2018-03-06 14:15:27.982000),5.0,
S2_CloseBigBox_2_extracted,Event_8,PhoneGravity,PhoneGravity_Event_8.data,992,4,0,0,0,epoch milliseconds (2018-03-06 14:15:27.987000),5.0,
S2_CloseBigBox_2_extracted,Event_8,PhoneGyroscope,PhoneGyroscope_Event_8.data,989,4,0,0,0,epoch milliseconds (2018-03-06 14:15:27.982000),5.0,
S2_CloseBigBox_2_extracted,Event_8,PhoneLinearAccelerometer,PhoneLinearAccelerometer_Event_8.data,992,4,0,0,0,epoch milliseconds (2018-03-06 14:15:27.985000),5.0,
S2_CloseBigBox_2_extracted,Event_8,PhoneMagnetometer,PhoneMagnetometer_Event_8.data,501,4,0,0,0,epoch milliseconds (2018-03-06 14:15:27.984000),10.0,
S2_CloseBigBox_2_extracted,Event_8,android.sensor.accelerometer,android.sensor.accelerometer_Event_8.data,502,4,0,0,0,epoch milliseconds (2018-03-06 14:15:27.983000),10.0,
S2_CloseBigBox_2_extracted,Event_8,android.sensor.gyroscope,android.sensor.gyroscope_Event_8.data,503,4,0,0,0,epoch milliseconds (2018-03-06 14:15:27.987000),10.0,
S2_CloseBigBox_2_extracted,Event_9,JinsAccelerometer,JinsAccelerometer_Event_9.data,100,4,0,0,0,epoch milliseconds (2018-03-06 14:15:39.481000),52.0,
S2_CloseBigBox_2_extracted,Event_9,JinsBlinkSpeed,JinsBlinkSpeed_Event_9.data,100,2,0,0,0,epoch milliseconds (2018-03-06 14:15:39.481000),52.0,
S2_CloseBigBox_2_extracted,Event_9,JinsBlinkStrength,JinsBlinkStrength_Event_9.data,100,2,0,0,0,epoch milliseconds (2018-03-06 14:15:39.481000),52.0,
S2_CloseBigBox_2_extracted,Event_9,JinsEyeMovement,JinsEyeMovement_Event_9.data,100,5,0,0,0,epoch milliseconds (2018-03-06 14:15:39.481000),52.0,
S2_CloseBigBox_2_extracted,Event_9,JinsGyroscope,JinsGyroscope_Event_9.data,100,4,0,0,0,epoch milliseconds (2018-03-06 14:15:39.481000),52.0,
S2_CloseBigBox_2_extracted,Event_9,PhoneAccelerometer,PhoneAccelerometer_Event_9.data,992,4,0,0,0,epoch milliseconds (2018-03-06 14:15:39.440000),5.0,
S2_CloseBigBox_2_extracted,Event_9,PhoneGravity,PhoneGravity_Event_9.data,993,4,0,0,0,epoch milliseconds (2018-03-06 14:15:39.438000),5.0,
S2_CloseBigBox_2_extracted,Event_9,PhoneGyroscope,PhoneGyroscope_Event_9.data,992,4,0,0,0,epoch milliseconds (2018-03-06 14:15:39.442000),5.0,
S2_CloseBigBox_2_extracted,Event_9,PhoneLinearAccelerometer,PhoneLinearAccelerometer_Event_9.data,993,4,0,0,0,epoch milliseconds (2018-03-06 14:15:39.442000),5.0,
S2_CloseBigBox_2_extracted,Event_9,PhoneMagnetometer,PhoneMagnetometer_Event_9.data,500,4,0,0,0,epoch milliseconds (2018-03-06 14:15:39.439000),10.0,
S2_CloseBigBox_2_extracted,Event_9,android.sensor.accelerometer,android.sensor.accelerometer_Event_9.data,497,4,0,0,0,epoch milliseconds (2018-03-06 14:15:39.447000),10.0,
S2_CloseBigBox_2_extracted,Event_9,android.sensor.gyroscope,android.sensor.gyroscope_Event_9.data,498,4,0,0,0,epoch milliseconds (2018-03-06 14:15:39.446000),10.0,
S2_CloseDoor_1_extracted,Event_0,JinsAccelerometer,JinsAccelerometer_Event_0.data,99,4,0,0,0,epoch milliseconds (2018-03-05 10:10:31.613000),38.0,
S2_CloseDoor_1_extracted,Event_0,JinsBlinkSpeed,JinsBlinkSpeed_Event_0.data,99,2,0,0,0,epoch milliseconds (2018-03-05 10:10:31.613000),38.0,
S2_CloseDoor_1_extracted,Event_0,JinsBlinkStrength,JinsBlinkStrength_Event_0.data,99,2,0,0,0,epoch milliseconds (2018-03-05 10:10:31.613000),38.0,
S2_CloseDoor_1_extracted,Event_0,JinsEyeMovement,JinsEyeMovement_Event_0.data,99,5,0,0,0,epoch milliseconds (2018-03-05 10:10:31.613000),38.0,
S2_CloseDoor_1_extracted,Event_0,JinsGyroscope,JinsGyroscope_Event_0.data,99,4,0,0,0,epoch milliseconds (2018-03-05 10:10:31.613000),38.0,
S2_CloseDoor_1_extracted,Event_0,PhoneAccelerometer,PhoneAccelerometer_Event_0.data,991,4,0,0,0,epoch milliseconds (2018-03-05 10:10:31.605000),5.0,
S2_CloseDoor_1_extracted,Event_0,PhoneGravity,PhoneGravity_Event_0.data,991,4,0,0,0,epoch milliseconds (2018-03-05 10:10:31.605000),5.0,
S2_CloseDoor_1_extracted,Event_0,PhoneGyroscope,PhoneGyroscope_Event_0.data,991,4,0,0,0,epoch milliseconds (2018-03-05 10:10:31.605000),5.0,
S2_CloseDoor_1_extracted,Event_0,PhoneLinearAccelerometer,PhoneLinearAccelerometer_Event_0.data,992,4,0,0,0,epoch milliseconds (2018-03-05 10:10:31.604000),5.0,
S2_CloseDoor_1_extracted,Event_0,PhoneMagnetometer,PhoneMagnetometer_Event_0.data,501,4,0,0,0,epoch milliseconds (2018-03-05 10:10:31.604000),10.0,
S2_CloseDoor_1_extracted,Event_0,android.sensor.accelerometer,android.sensor.accelerometer_Event_0.data,501,4,0,0,0,epoch milliseconds (2018-03-05 10:10:31.605000),10.0,
S2_CloseDoor_1_extracted,Event_0,android.sensor.gyroscope,android.sensor.gyroscope_Event_0.data,502,4,0,0,0,epoch milliseconds (2018-03-05 10:10:31.603000),10.0,
S2_CloseDoor_1_extracted,Event_1,JinsAccelerometer,JinsAccelerometer_Event_1.data,99,4,0,0,0,epoch milliseconds (2018-03-05 10:10:45.527000),38.0,
S2_CloseDoor_1_extracted,Event_1,JinsBlinkSpeed,JinsBlinkSpeed_Event_1.data,99,2,0,0,0,epoch milliseconds (2018-03-05 10:10:45.527000),38.0,
S2_CloseDoor_1_extracted,Event_1,JinsBlinkStrength,JinsBlinkStrength_Event_1.data,99,2,0,0,0,epoch milliseconds (2018-03-05 10:10:45.527000),38.0,
S2_CloseDoor_1_extracted,Event_1,JinsEyeMovement,JinsEyeMovement_Event_1.data,99,5,0,0,0,epoch milliseconds (2018-03-05 10:10:45.527000),38.0,
S2_CloseDoor_1_extracted,Event_1,JinsGyroscope,JinsGyroscope_Event_1.data,99,4,0,0,0,epoch milliseconds (2018-03-05 10:10:45.527000),38.0,
S2_CloseDoor_1_extracted,Event_1,PhoneAccelerometer,PhoneAccelerometer_Event_1.data,992,4,0,0,0,epoch milliseconds (2018-03-05 10:10:45.465000),5.0,
S2_CloseDoor_1_extracted,Event_1,PhoneGravity,PhoneGravity_Event_1.data,991,4,0,0,0,epoch milliseconds (2018-03-05 10:10:45.465000),5.0,
S2_CloseDoor_1_extracted,Event_1,PhoneGyroscope,PhoneGyroscope_Event_1.data,991,4,0,0,0,epoch milliseconds (2018-03-05 10:10:45.468000),5.0,
S2_CloseDoor_1_extracted,Event_1,PhoneLinearAccelerometer,PhoneLinearAccelerometer_Event_1.data,990,4,0,0,0,epoch milliseconds (2018-03-05 10:10:45.469000),5.0,
S2_CloseDoor_1_extracted,Event_1,PhoneMagnetometer,PhoneMagnetometer_Event_1.data,501,4,0,0,0,epoch milliseconds (2018-03-05 10:10:45.466000),10.0,
S2_CloseDoor_1_extracted,Event_1,android.sensor.accelerometer,android.sensor.accelerometer_Event_1.data,496,4,0,0,0,epoch milliseconds (2018-03-05 10:10:45.504000),10.0,
S2_CloseDoor_1_extracted,Event_1,android.sensor.gyroscope,android.sensor.gyroscope_Event_1.data,495,4,0,0,0,epoch milliseconds (2018-03-05 10:10:45.512000),10.0,
S2_CloseDoor_1_extracted,Event_2,JinsAccelerometer,JinsAccelerometer_Event_2.data,100,4,0,0,0,epoch milliseconds (2018-03-05 10:11:00.196000),38.0,
S2_CloseDoor_1_extracted,Event_2,JinsBlinkSpeed,JinsBlinkSpeed_Event_2.data,100,2,0,0,0,epoch milliseconds (2018-03-05 10:11:00.196000),38.0,
S2_CloseDoor_1_extracted,Event_2,JinsBlinkStrength,JinsBlinkStrength_Event_2.data,100,2,0,0,0,epoch milliseconds (2018-03-05 10:11:00.196000),38.0,
S2_CloseDoor_1_extracted,Event_2,JinsEyeMovement,JinsEyeMovement_Event_2.data,100,5,0,0,0,epoch milliseconds (2018-03-05 10:11:00.196000),38.0,
S2_CloseDoor_1_extracted,Event_2,JinsGyroscope,JinsGyroscope_Event_2.data,100,4,0,0,0,epoch milliseconds (2018-03-05 10:11:00.196000),38.0,
S2_CloseDoor_1_extracted,Event_2,PhoneAccelerometer,PhoneAccelerometer_Event_2.data,980,4,0,0,0,epoch milliseconds (2018-03-05 10:11:00.163000),5.0,
S2_CloseDoor_1_extracted,Event_2,PhoneGravity,PhoneGravity_Event_2.data,985,4,0,0,0,epoch milliseconds (2018-03-05 10:11:00.161000),5.0,
S2_CloseDoor_1_extracted,Event_2,PhoneGyroscope,PhoneGyroscope_Event_2.data,987,4,0,0,0,epoch milliseconds (2018-03-05 10:11:00.162000),5.0,
S2_CloseDoor_1_extracted,Event_2,PhoneLinearAccelerometer,PhoneLinearAccelerometer_Event_2.data,984,4,0,0,0,epoch milliseconds (2018-03-05 10:11:00.164000),5.0,
S2_CloseDoor_1_extracted,Event_2,PhoneMagnetometer,PhoneMagnetometer_Event_2.data,501,4,0,0,0,epoch milliseconds (2018-03-05 10:11:00.170000),10.0,
S2_CloseDoor_1_extracted,Event_2,android.sensor.accelerometer,android.sensor.accelerometer_Event_2.data,504,4,0,0,0,epoch milliseconds (2018-03-05 10:11:00.167000),10.0,
S2_CloseDoor_1_extracted,Event_2,android.sensor.gyroscope,android.sensor.gyroscope_Event_2.data,504,4,0,0,0,epoch milliseconds (2018-03-05 10:11:00.170000),10.0,
S2_CloseDoor_1_extracted,Event_3,JinsAccelerometer,JinsAccelerometer_Event_3.data,99,4,0,0,0,epoch milliseconds (2018-03-05 10:11:14.328000),38.0,
S2_CloseDoor_1_extracted,Event_3,JinsBlinkSpeed,JinsBlinkSpeed_Event_3.data,99,2,0,0,0,epoch milliseconds (2018-03-05 10:11:14.328000),38.0,
S2_CloseDoor_1_extracted,Event_3,JinsBlinkStrength,JinsBlinkStrength_Event_3.data,99,2,0,0,0,epoch milliseconds (2018-03-05 10:11:14.328000),38.0,
S2_CloseDoor_1_extracted,Event_3,JinsEyeMovement,JinsEyeMovement_Event_3.data,99,5,0,0,0,epoch milliseconds (2018-03-05 10:11:14.328000),38.0,
S2_CloseDoor_1_extracted,Event_3,JinsGyroscope,JinsGyroscope_Event_3.data,99,4,0,0,0,epoch milliseconds (2018-03-05 10:11:14.328000),38.0,
S2_CloseDoor_1_extracted,Event_3,PhoneAccelerometer,PhoneAccelerometer_Event_3.data,998,4,0,0,0,epoch milliseconds (2018-03-05 10:11:14.293000),5.0,
S2_CloseDoor_1_extracted,Event_3,PhoneGravity,PhoneGravity_Event_3.data,999,4,0,0,0,epoch milliseconds (2018-03-05 10:11:14.292000),5.0,
S2_CloseDoor_1_extracted,Event_3,PhoneGyroscope,PhoneGyroscope_Event_3.data,1000,4,0,0,0,epoch milliseconds (2018-03-05 10:11:14.292000),5.0,
S2_CloseDoor_1_extracted,Event_3,PhoneLinearAccelerometer,PhoneLinearAccelerometer_Event_3.data,999,4,0,0,0,epoch milliseconds (2018-03-05 10:11:14.292000),5.0,
S2_CloseDoor_1_extracted,Event_3,PhoneMagnetometer,PhoneMagnetometer_Event_3.data,501,4,0,0,0,epoch milliseconds (2018-03-05 10:11:14.294000),10.0,
S2_CloseDoor_1_extracted,Event_3,android.sensor.accelerometer,android.sensor.accelerometer_Event_3.data,501,4,0,0,0,epoch milliseconds (2018-03-05 10:11:14.296000),10.0,
S2_CloseDoor_1_extracted,Event_3,android.sensor.gyroscope,android.sensor.gyroscope_Event_3.data,501,4,0,0,0,epoch milliseconds (2018-03-05 10:11:14.298000),10.0,
S2_CloseDoor_1_extracted,Event_4,JinsAccelerometer,JinsAccelerometer_Event_4.data,102,4,0,0,0,epoch milliseconds (2018-03-05 10:11:28.465000),38.0,
S2_CloseDoor_1_extracted,Event_4,JinsBlinkSpeed,JinsBlinkSpeed_Event_4.data,102,2,0,0,0,epoch milliseconds (2018-03-05 10:11:28.465000),38.0,
S2_CloseDoor_1_extracted,Event_4,JinsBlinkStrength,JinsBlinkStrength_Event_4.data,102,2,0,0,0,epoch milliseconds (2018-03-05 10:11:28.465000),38.0,
S2_CloseDoor_1_extracted,Event_4,JinsEyeMovement,JinsEyeMovement_Event_4.data,102,5,0,0,0,epoch milliseconds (2018-03-05 10:11:28.465000),38.0,
S2_CloseDoor_1_extracted,Event_4,JinsGyroscope,JinsGyroscope_Event_4.data,102,4,0,0,0,epoch milliseconds (2018-03-05 10:11:28.465000),38.0,
S2_CloseDoor_1_extracted,Event_4,PhoneAccelerometer,PhoneAccelerometer_Event_4.data,994,4,0,0,0,epoch milliseconds (2018-03-05 10:11:28.457000),5.0,
S2_CloseDoor_1_extracted,Event_4,PhoneGravity,PhoneGravity_Event_4.data,990,4,0,0,0,epoch milliseconds (2018-03-05 10:11:28.459000),5.0,
S2_CloseDoor_1_extracted,Event_4,PhoneGyroscope,PhoneGyroscope_Event_4.data,989,4,0,0,0,epoch milliseconds (2018-03-05 10:11:28.461000),5.0,
S2_CloseDoor_1_extracted,Event_4,PhoneLinearAccelerometer,PhoneLinearAccelerometer_Event_4.data,991,4,0,0,0,epoch milliseconds (2018-03-05 10:11:28.458000),5.0,
S2_CloseDoor_1_extracted,Event_4,PhoneMagnetometer,PhoneMagnetometer_Event_4.data,501,4,0,0,0,epoch milliseconds (2018-03-05 10:11:28.458000),10.0,
S2_CloseDoor_1_extracted,Event_4,android.sensor.accelerometer,android.sensor.accelerometer_Event_4.data,502,4,0,0,0,epoch milliseconds (2018-03-05 10:11:28.466000),10.0,
S2_CloseDoor_1_extracted,Event_4,android.sensor.gyroscope,android.sensor.gyroscope_Event_4.data,503,4,0,0,0,epoch milliseconds (2018-03-05 10:11:28.465000),10.0,
S2_CloseDoor_2_extracted,Event_0,JinsAccelerometer,JinsAccelerometer_Event_0.data,100,4,0,0,0,epoch milliseconds (2018-03-05 10:14:13.695000),39.0,
S2_CloseDoor_2_extracted,Event_0,JinsBlinkSpeed,JinsBlinkSpeed_Event_0.data,100,2,0,0,0,epoch milliseconds (2018-03-05 10:14:13.695000),39.0,
S2_CloseDoor_2_extracted,Event_0,JinsBlinkStrength,JinsBlinkStrength_Event_0.data,100,2,0,0,0,epoch milliseconds (2018-03-05 10:14:13.695000),39.0,
S2_CloseDoor_2_extracted,Event_0,JinsEyeMovement,JinsEyeMovement_Event_0.data,100,5,0,0,0,epoch milliseconds (2018-03-05 10:14:13.695000),39.0,
S2_CloseDoor_2_extracted,Event_0,JinsGyroscope,JinsGyroscope_Event_0.data,100,4,0,0,0,epoch milliseconds (2018-03-05 10:14:13.695000),39.0,
S2_CloseDoor_2_extracted,Event_0,PhoneAccelerometer,PhoneAccelerometer_Event_0.data,991,4,0,0,0,epoch milliseconds (2018-03-05 10:14:13.683000),5.0,
S2_CloseDoor_2_extracted,Event_0,PhoneGravity,PhoneGravity_Event_0.data,992,4,0,0,0,epoch milliseconds (2018-03-05 10:14:13.680000),5.0,
S2_CloseDoor_2_extracted,Event_0,PhoneGyroscope,PhoneGyroscope_Event_0.data,990,4,0,0,0,epoch milliseconds (2018-03-05 10:14:13.684000),5.0,
S2_CloseDoor_2_extracted,Event_0,PhoneLinearAccelerometer,PhoneLinearAccelerometer_Event_0.data,990,4,0,0,0,epoch milliseconds (2018-03-05 10:14:13.684000),5.0,
S2_CloseDoor_2_extracted,Event_0,PhoneMagnetometer,PhoneMagnetometer_Event_0.data,501,4,0,0,0,epoch milliseconds (2018-03-05 10:14:13.684000),10.0,
S2_CloseDoor_2_extracted,Event_0,android.sensor.accelerometer,android.sensor.accelerometer_Event_0.data,493,4,0,0,0,epoch milliseconds (2018-03-05 10:14:13.686000),10.0,
S2_CloseDoor_2_extracted,Event_0,android.sensor.gyroscope,android.sensor.gyroscope_Event_0.data,492,4,0,0,0,epoch milliseconds (2018-03-05 10:14:13.688000),10.0,
S2_CloseDoor_2_extracted,Event_1,JinsAccelerometer,JinsAccelerometer_Event_1.data,100,4,0,0,0,epoch milliseconds (2018-03-05 10:14:27.352000),38.0,
S2_CloseDoor_2_extracted,Event_1,JinsBlinkSpeed,JinsBlinkSpeed_Event_1.data,100,2,0,0,0,epoch milliseconds (2018-03-05 10:14:27.352000),38.0,
S2_CloseDoor_2_extracted,Event_1,JinsBlinkStrength,JinsBlinkStrength_Event_1.data,100,2,0,0,0,epoch milliseconds (2018-03-05 10:14:27.352000),38.0,
S2_CloseDoor_2_extracted,Event_1,JinsEyeMovement,JinsEyeMovement_Event_1.data,100,5,0,0,0,epoch milliseconds (2018-03-05 10:14:27.352000),38.0,
S2_CloseDoor_2_extracted,Event_1,JinsGyroscope,JinsGyroscope_Event_1.data,100,4,0,0,0,epoch milliseconds (2018-03-05 10:14:27.352000),38.0,
S2_CloseDoor_2_extracted,Event_1,PhoneAccelerometer,PhoneAccelerometer_Event_1.data,993,4,0,0,0,epoch milliseconds (2018-03-05 10:14:27.304000),5.0,
S2_CloseDoor_2_extracted,Event_1,PhoneGravity,PhoneGravity_Event_1.data,991,4,0,0,0,epoch milliseconds (2018-03-05 10:14:27.305000),5.0,
S2_CloseDoor_2_extracted,Event_1,PhoneGyroscope,PhoneGyroscope_Event_1.data,991,4,0,0,0,epoch milliseconds (2018-03-05 10:14:27.306000),5.0,
S2_CloseDoor_2_extracted,Event_1,PhoneLinearAccelerometer,PhoneLinearAccelerometer_Event_1.data,991,4,0,0,0,epoch milliseconds (2018-03-05 10:14:27.304000),5.0,
S2_CloseDoor_2_extracted,Event_1,PhoneMagnetometer,PhoneMagnetometer_Event_1.data,501,4,0,0,0,epoch milliseconds (2018-03-05 10:14:27.313000),10.0,
S2_CloseDoor_2_extracted,Event_1,android.sensor.accelerometer,android.sensor.accelerometer_Event_1.data,505,4,0,0,0,epoch milliseconds (2018-03-05 10:14:27.304000),10.0,
S2_CloseDoor_2_extracted,Event_1,android.sensor.gyroscope,android.sensor.gyroscope_Event_1.data,505,4,0,0,0,epoch milliseconds (2018-03-05 10:14:27.312000),10.0,
S2_CloseDoor_2_extracted,Event_2,JinsAccelerometer,JinsAccelerometer_Event_2.data,100,4,0,0,0,epoch milliseconds (2018-03-05 10:14:41.335000),38.0,
S2_CloseDoor_2_extracted,Event_2,JinsBlinkSpeed,JinsBlinkSpeed_Event_2.data,100,2,0,0,0,epoch milliseconds (2018-03-05 10:14:41.335000),38.0,
S2_CloseDoor_2_extracted,Event_2,JinsBlinkStrength,JinsBlinkStrength_Event_2.data,100,2,0,0,0,epoch milliseconds (2018-03-05 10:14:41.335000),38.0,
S2_CloseDoor_2_extracted,Event_2,JinsEyeMovement,JinsEyeMovement_Event_2.data,100,5,0,0,0,epoch milliseconds (2018-03-05 10:14:41.335000),38.0,
S2_CloseDoor_2_extracted,Event_2,JinsGyroscope,JinsGyroscope_Event_2.data,100,4,0,0,0,epoch milliseconds (2018-03-05 10:14:41.335000),38.0,
S2_CloseDoor_2_extracted,Event_2,PhoneAccelerometer,PhoneAccelerometer_Event_2.data,992,4,0,0,0,epoch milliseconds (2018-03-05 10:14:41.312000),5.0,
S2_CloseDoor_2_extracted,Event_2,PhoneGravity,PhoneGravity_Event_2.data,990,4,0,0,0,epoch milliseconds (2018-03-05 10:14:41.315000),5.0,
S2_CloseDoor_2_extracted,Event_2,PhoneGyroscope,PhoneGyroscope_Event_2.data,989,4,0,0,0,epoch milliseconds (2018-03-05 10:14:41.317000),5.0,
S2_CloseDoor_2_extracted,Event_2,PhoneLinearAccelerometer,PhoneLinearAccelerometer_Event_2.data,992,4,0,0,0,epoch milliseconds (2018-03-05 10:14:41.315000),5.0,
S2_CloseDoor_2_extracted,Event_2,PhoneMagnetometer,PhoneMagnetometer_Event_2.data,501,4,0,0,0,epoch milliseconds (2018-03-05 10:14:41.315000),10.0,
S2_CloseDoor_2_extracted,Event_2,android.sensor.accelerometer,android.sensor.accelerometer_Event_2.data,503,4,0,0,0,epoch milliseconds (2018-03-05 10:14:41.315000),10.0,
S2_CloseDoor_2_extracted,Event_2,android.sensor.gyroscope,android.sensor.gyroscope_Event_2.data,504,4,0,0,0,epoch milliseconds (2018-03-05 10:14:41.313000),10.0,
S2_CloseDoor_2_extracted,Event_3,JinsAccelerometer,JinsAccelerometer_Event_3.data,100,4,0,0,0,epoch milliseconds (2018-03-05 10:14:54.871000),38.0,
S2_CloseDoor_2_extracted,Event_3,JinsBlinkSpeed,JinsBlinkSpeed_Event_3.data,100,2,0,0,0,epoch milliseconds (2018-03-05 10:14:54.871000),38.0,
S2_CloseDoor_2_extracted,Event_3,JinsBlinkStrength,JinsBlinkStrength_Event_3.data,100,2,0,0,0,epoch milliseconds (2018-03-05 10:14:54.871000),38.0,
S2_CloseDoor_2_extracted,Event_3,JinsEyeMovement,JinsEyeMovement_Event_3.data,100,5,0,0,0,epoch milliseconds (2018-03-05 10:14:54.871000),38.0,
S2_CloseDoor_2_extracted,Event_3,JinsGyroscope,JinsGyroscope_Event_3.data,100,4,0,0,0,epoch milliseconds (2018-03-05 10:14:54.871000),38.0,
S2_CloseDoor_2_extracted,Event_3,PhoneAccelerometer,PhoneAccelerometer_Event_3.data,990,4,0,0,0,epoch milliseconds (2018-03-05 10:14:54.850000),5.0,
S2_CloseDoor_2_extracted,Event_3,PhoneGravity,PhoneGravity_Event_3.data,991,4,0,0,0,epoch milliseconds (2018-03-05 10:14:54.850000),5.0,
S2_CloseDoor_2_extracted,Event_3,PhoneGyroscope,PhoneGyroscope_Event_3.data,988,4,0,0,0,epoch milliseconds (2018-03-05 10:14:54.850000),5.0,
S2_CloseDoor_2_extracted,Event_3,PhoneLinearAccelerometer,PhoneLinearAccelerometer_Event_3.data,991,4,0,0,0,epoch milliseconds (2018-03-05 10:14:54.850000),5.0,
S2_CloseDoor_2_extracted,Event_3,PhoneMagnetometer,PhoneMagnetometer_Event_3.data,501,4,0,0,0,epoch milliseconds (2018-03-05 10:14:54.849000),10.0,
S2_CloseDoor_2_extracted,Event_3,android.sensor.accelerometer,android.sensor.accelerometer_Event_3.data,503,4,0,0,0,epoch milliseconds (2018-03-05 10:14:54.850000),10.0,
S2_CloseDoor_2_extracted,Event_3,android.sensor.gyroscope,android.sensor.gyroscope_Event_3.data,503,4,0,0,0,epoch milliseconds (2018-03-05 10:14:54.850000),10.0,
S2_CloseDoor_2_extracted,Event_4,JinsAccelerometer,JinsAccelerometer_Event_4.data,99,4,0,0,0,epoch milliseconds (2018-03-05 10:15:08.375000),38.0,
S2_CloseDoor_2_extracted,Event_4,JinsBlinkSpeed,JinsBlinkSpeed_Event_4.data,99,2,0,0,0,epoch milliseconds (2018-03-05 10:15:08.375000),38.0,
S2_CloseDoor_2_extracted,Event_4,JinsBlinkStrength,JinsBlinkStrength_Event_4.data,99,2,0,0,0,epoch milliseconds (2018-03-05 10:15:08.375000),38.0,
S2_CloseDoor_2_extracted,Event_4,JinsEyeMovement,JinsEyeMovement_Event_4.data,99,5,0,0,0,epoch milliseconds (2018-03-05 10:15:08.375000),38.0,
S2_CloseDoor_2_extracted,Event_4,JinsGyroscope,JinsGyroscope_Event_4.data,99,4,0,0,0,epoch milliseconds (2018-03-05 10:15:08.375000),38.0,
S2_CloseDoor_2_extracted,Event_4,PhoneAccelerometer,PhoneAccelerometer_Event_4.data,992,4,0,0,0,epoch milliseconds (2018-03-05 10:15:08.355000),5.0,
S2_CloseDoor_2_extracted,Event_4,PhoneGravity,PhoneGravity_Event_4.data,991,4,0,0,0,epoch milliseconds (2018-03-05 10:15:08.353000),5.0,
S2_CloseDoor_2_extracted,Event_4,PhoneGyroscope,PhoneGyroscope_Event_4.data,991,4,0,0,0,epoch milliseconds (2018-03-05 10:15:08.355000),5.0,
S2_CloseDoor_2_extracted,Event_4,PhoneLinearAccelerometer,PhoneLinearAccelerometer_Event_4.data,990,4,0,0,0,epoch milliseconds (2018-03-05 10:15:08.352000),5.0,
S2_CloseDoor_2_extracted,Event_4,PhoneMagnetometer,PhoneMagnetometer_Event_4.data,500,4,0,0,0,epoch milliseconds (2018-03-05 10:15:08.357000),10.0,
S2_CloseDoor_2_extracted,Event_4,android.sensor.accelerometer,android.sensor.accelerometer_Event_4.data,498,4,0,0,0,epoch milliseconds (2018-03-05 10:15:08.356000),10.0,
S2_CloseDoor_2_extracted,Event_4,android.sensor.gyroscope,android.sensor.gyroscope_Event_4.data,497,4,0,0,0,epoch milliseconds (2018-03-05 10:15:08.357000),10.0,
S2_CloseDrawer_1_extracted,Event_0,JinsAccelerometer,JinsAccelerometer_Event_0.data,100,4,0,0,0,epoch milliseconds (2018-03-06 13:31:54.219000),52.0,
S2_CloseDrawer_1_extracted,Event_0,JinsBlinkSpeed,JinsBlinkSpeed_Event_0.data,100,2,0,0,0,epoch milliseconds (2018-03-06 13:31:54.219000),52.0,
S2_CloseDrawer_1_extracted,Event_0,JinsBlinkStrength,JinsBlinkStrength_Event_0.data,100,2,0,0,0,epoch milliseconds (2018-03-06 13:31:54.219000),52.0,
S2_CloseDrawer_1_extracted,Event_0,JinsEyeMovement,JinsEyeMovement_Event_0.data,100,5,0,0,0,epoch milliseconds (2018-03-06 13:31:54.219000),52.0,
S2_CloseDrawer_1_extracted,Event_0,JinsGyroscope,JinsGyroscope_Event_0.data,100,4,0,0,0,epoch milliseconds (2018-03-06 13:31:54.219000),52.0,
S2_CloseDrawer_1_extracted,Event_0,PhoneAccelerometer,PhoneAccelerometer_Event_0.data,992,4,0,0,0,epoch milliseconds (2018-03-06 13:31:54.177000),5.0,
S2_CloseDrawer_1_extracted,Event_0,PhoneGravity,PhoneGravity_Event_0.data,991,4,0,0,0,epoch milliseconds (2018-03-06 13:31:54.181000),5.0,
S2_CloseDrawer_1_extracted,Event_0,PhoneGyroscope,PhoneGyroscope_Event_0.data,991,4,0,0,0,epoch milliseconds (2018-03-06 13:31:54.177000),5.0,
S2_CloseDrawer_1_extracted,Event_0,PhoneLinearAccelerometer,PhoneLinearAccelerometer_Event_0.data,991,4,0,0,0,epoch milliseconds (2018-03-06 13:31:54.177000),5.0,
S2_CloseDrawer_1_extracted,Event_0,PhoneMagnetometer,PhoneMagnetometer_Event_0.data,501,4,0,0,0,epoch milliseconds (2018-03-06 13:31:54.177000),10.0,
S2_CloseDrawer_1_extracted,Event_0,android.sensor.accelerometer,android.sensor.accelerometer_Event_0.data,498,4,0,0,0,epoch milliseconds (2018-03-06 13:31:54.181000),10.0,
S2_CloseDrawer_1_extracted,Event_0,android.sensor.gyroscope,android.sensor.gyroscope_Event_0.data,498,4,0,0,0,epoch milliseconds (2018-03-06 13:31:54.180000),10.0,
S2_CloseDrawer_1_extracted,Event_1,JinsAccelerometer,JinsAccelerometer_Event_1.data,100,4,0,0,0,epoch milliseconds (2018-03-06 13:32:11.200000),53.0,
S2_CloseDrawer_1_extracted,Event_1,JinsBlinkSpeed,JinsBlinkSpeed_Event_1.data,100,2,0,0,0,epoch milliseconds (2018-03-06 13:32:11.200000),53.0,
S2_CloseDrawer_1_extracted,Event_1,JinsBlinkStrength,JinsBlinkStrength_Event_1.data,100,2,0,0,0,epoch milliseconds (2018-03-06 13:32:11.200000),53.0,
S2_CloseDrawer_1_extracted,Event_1,JinsEyeMovement,JinsEyeMovement_Event_1.data,100,5,0,0,0,epoch milliseconds (2018-03-06 13:32:11.200000),53.0,
S2_CloseDrawer_1_extracted,Event_1,JinsGyroscope,JinsGyroscope_Event_1.data,100,4,0,0,0,epoch milliseconds (2018-03-06 13:32:11.200000),53.0,
S2_CloseDrawer_1_extracted,Event_1,PhoneAccelerometer,PhoneAccelerometer_Event_1.data,991,4,0,0,0,epoch milliseconds (2018-03-06 13:32:11.178000),5.0,
S2_CloseDrawer_1_extracted,Event_1,PhoneGravity,PhoneGravity_Event_1.data,990,4,0,0,0,epoch milliseconds (2018-03-06 13:32:11.180000),5.0,
S2_CloseDrawer_1_extracted,Event_1,PhoneGyroscope,PhoneGyroscope_Event_1.data,992,4,0,0,0,epoch milliseconds (2018-03-06 13:32:11.179000),5.0,
S2_CloseDrawer_1_extracted,Event_1,PhoneLinearAccelerometer,PhoneLinearAccelerometer_Event_1.data,991,4,0,0,0,epoch milliseconds (2018-03-06 13:32:11.178000),5.0,
S2_CloseDrawer_1_extracted,Event_1,PhoneMagnetometer,PhoneMagnetometer_Event_1.data,502,4,0,0,0,epoch milliseconds (2018-03-06 13:32:11.176000),10.0,
S2_CloseDrawer_1_extracted,Event_1,android.sensor.accelerometer,android.sensor.accelerometer_Event_1.data,496,4,0,0,0,epoch milliseconds (2018-03-06 13:32:11.181000),10.0,
S2_CloseDrawer_1_extracted,Event_1,android.sensor.gyroscope,android.sensor.gyroscope_Event_1.data,495,4,0,0,0,epoch milliseconds (2018-03-06 13:32:11.181000),10.0,
S2_CloseDrawer_1_extracted,Event_2,JinsAccelerometer,JinsAccelerometer_Event_2.data,100,4,0,0,0,epoch milliseconds (2018-03-06 13:32:27.763000),52.0,
S2_CloseDrawer_1_extracted,Event_2,JinsBlinkSpeed,JinsBlinkSpeed_Event_2.data,100,2,0,0,0,epoch milliseconds (2018-03-06 13:32:27.763000),52.0,
S2_CloseDrawer_1_extracted,Event_2,JinsBlinkStrength,JinsBlinkStrength_Event_2.data,100,2,0,0,0,epoch milliseconds (2018-03-06 13:32:27.763000),52.0,
S2_CloseDrawer_1_extracted,Event_2,JinsEyeMovement,JinsEyeMovement_Event_2.data,100,5,0,0,0,epoch milliseconds (2018-03-06 13:32:27.763000),52.0,
S2_CloseDrawer_1_extracted,Event_2,JinsGyroscope,JinsGyroscope_Event_2.data,100,4,0,0,0,epoch milliseconds (2018-03-06 13:32:27.763000),52.0,
S2_CloseDrawer_1_extracted,Event_2,PhoneAccelerometer,PhoneAccelerometer_Event_2.data,991,4,0,0,0,epoch milliseconds (2018-03-06 13:32:27.724000),5.0,
S2_CloseDrawer_1_extracted,Event_2,PhoneGravity,PhoneGravity_Event_2.data,991,4,0,0,0,epoch milliseconds (2018-03-06 13:32:27.724000),5.0,
S2_CloseDrawer_1_extracted,Event_2,PhoneGyroscope,PhoneGyroscope_Event_2.data,991,4,0,0,0,epoch milliseconds (2018-03-06 13:32:27.722000),5.0,
S2_CloseDrawer_1_extracted,Event_2,PhoneLinearAccelerometer,PhoneLinearAccelerometer_Event_2.data,991,4,0,0,0,epoch milliseconds (2018-03-06 13:32:27.721000),5.0,
S2_CloseDrawer_1_extracted,Event_2,PhoneMagnetometer,PhoneMagnetometer_Event_2.data,502,4,0,0,0,epoch milliseconds (2018-03-06 13:32:27.723000),10.0,
S2_CloseDrawer_1_extracted,Event_2,android.sensor.accelerometer,android.sensor.accelerometer_Event_2.data,498,4,0,0,0,epoch milliseconds (2018-03-06 13:32:27.727000),10.0,
S2_CloseDrawer_1_extracted,Event_2,android.sensor.gyroscope,android.sensor.gyroscope_Event_2.data,498,4,0,0,0,epoch milliseconds (2018-03-06 13:32:27.720000),10.0,
S2_CloseDrawer_1_extracted,Event_3,JinsAccelerometer,JinsAccelerometer_Event_3.data,99,4,0,0,0,epoch milliseconds (2018-03-06 13:32:45.612000),52.0,
S2_CloseDrawer_1_extracted,Event_3,JinsBlinkSpeed,JinsBlinkSpeed_Event_3.data,99,2,0,0,0,epoch milliseconds (2018-03-06 13:32:45.612000),52.0,
S2_CloseDrawer_1_extracted,Event_3,JinsBlinkStrength,JinsBlinkStrength_Event_3.data,99,2,0,0,0,epoch milliseconds (2018-03-06 13:32:45.612000),52.0,
S2_CloseDrawer_1_extracted,Event_3,JinsEyeMovement,JinsEyeMovement_Event_3.data,99,5,0,0,0,epoch milliseconds (2018-03-06 13:32:45.612000),52.0,
S2_CloseDrawer_1_extracted,Event_3,JinsGyroscope,JinsGyroscope_Event_3.data,99,4,0,0,0,epoch milliseconds (2018-03-06 13:32:45.612000),52.0,
S2_CloseDrawer_1_extracted,Event_3,PhoneAccelerometer,PhoneAccelerometer_Event_3.data,991,4,0,0,0,epoch milliseconds (2018-03-06 13:32:45.561000),5.0,
S2_CloseDrawer_1_extracted,Event_3,PhoneGravity,PhoneGravity_Event_3.data,990,4,0,0,0,epoch milliseconds (2018-03-06 13:32:45.562000),5.0,
S2_CloseDrawer_1_extracted,Event_3,PhoneGyroscope,PhoneGyroscope_Event_3.data,991,4,0,0,0,epoch milliseconds (2018-03-06 13:32:45.560000),5.0,
S2_CloseDrawer_1_extracted,Event_3,PhoneLinearAccelerometer,PhoneLinearAccelerometer_Event_3.data,989,4,0,0,0,epoch milliseconds (2018-03-06 13:32:45.563000),5.0,
S2_CloseDrawer_1_extracted,Event_3,PhoneMagnetometer,PhoneMagnetometer_Event_3.data,501,4,0,0,0,epoch milliseconds (2018-03-06 13:32:45.567000),10.0,
S2_CloseDrawer_1_extracted,Event_3,android.sensor.accelerometer,android.sensor.accelerometer_Event_3.data,498,4,0,0,0,epoch milliseconds (2018-03-06 13:32:45.566000),10.0,
S2_CloseDrawer_1_extracted,Event_3,android.sensor.gyroscope,android.sensor.gyroscope_Event_3.data,498,4,0,0,0,epoch milliseconds (2018-03-06 13:32:45.567000),10.0,
S2_CloseDrawer_1_extracted,Event_4,JinsAccelerometer,JinsAccelerometer_Event_4.data,100,4,0,0,0,epoch milliseconds (2018-03-06 13:33:05.167000),52.0,
S2_CloseDrawer_1_extracted,Event_4,JinsBlinkSpeed,JinsBlinkSpeed_Event_4.data,100,2,0,0,0,epoch milliseconds (2018-03-06 13:33:05.167000),52.0,
S2_CloseDrawer_1_extracted,Event_4,JinsBlinkStrength,JinsBlinkStrength_Event_4.data,100,2,0,0,0,epoch milliseconds (2018-03-06 13:33:05.167000),52.0,
S2_CloseDrawer_1_extracted,Event_4,JinsEyeMovement,JinsEyeMovement_Event_4.data,100,5,0,0,0,epoch milliseconds (2018-03-06 13:33:05.167000),52.0,
S2_CloseDrawer_1_extracted,Event_4,JinsGyroscope,JinsGyroscope_Event_4.data,100,4,0,0,0,epoch milliseconds (2018-03-06 13:33:05.167000),52.0,
S2_CloseDrawer_1_extracted,Event_4,PhoneAccelerometer,PhoneAccelerometer_Event_4.data,1000,4,0,0,0,epoch milliseconds (2018-03-06 13:33:05.154000),5.0,
S2_CloseDrawer_1_extracted,Event_4,PhoneGravity,PhoneGravity_Event_4.data,994,4,0,0,0,epoch milliseconds (2018-03-06 13:33:05.155000),5.0,
S2_CloseDrawer_1_extracted,Event_4,PhoneGyroscope,PhoneGyroscope_Event_4.data,994,4,0,0,0,epoch milliseconds (2018-03-06 13:33:05.153000),5.0,
S2_CloseDrawer_1_extracted,Event_4,PhoneLinearAccelerometer,PhoneLinearAccelerometer_Event_4.data,996,4,0,0,0,epoch milliseconds (2018-03-06 13:33:05.152000),5.0,
S2_CloseDrawer_1_extracted,Event_4,PhoneMagnetometer,PhoneMagnetometer_Event_4.data,503,4,0,0,0,epoch milliseconds (2018-03-06 13:33:05.160000),10.0,
S2_CloseDrawer_1_extracted,Event_4,android.sensor.accelerometer,android.sensor.accelerometer_Event_4.data,497,4,0,0,0,epoch milliseconds (2018-03-06 13:33:05.160000),10.0,
S2_CloseDrawer_1_extracted,Event_4,android.sensor.gyroscope,android.sensor.gyroscope_Event_4.data,498,4,0,0,0,epoch milliseconds (2018-03-06 13:33:05.159000),10.0,
S2_CloseDrawer_2_extracted,Event_0,JinsAccelerometer,JinsAccelerometer_Event_0.data,99,4,0,0,0,epoch milliseconds (2018-03-06 13:36:14.224000),52.0,
S2_CloseDrawer_2_extracted,Event_0,JinsBlinkSpeed,JinsBlinkSpeed_Event_0.data,99,2,0,0,0,epoch milliseconds (2018-03-06 13:36:14.224000),52.0,
S2_CloseDrawer_2_extracted,Event_0,JinsBlinkStrength,JinsBlinkStrength_Event_0.data,99,2,0,0,0,epoch milliseconds (2018-03-06 13:36:14.224000),52.0,
S2_CloseDrawer_2_extracted,Event_0,JinsEyeMovement,JinsEyeMovement_Event_0.data,99,5,0,0,0,epoch milliseconds (2018-03-06 13:36:14.224000),52.0,
S2_CloseDrawer_2_extracted,Event_0,JinsGyroscope,JinsGyroscope_Event_0.data,99,4,0,0,0,epoch milliseconds (2018-03-06 13:36:14.224000),52.0,
S2_CloseDrawer_2_extracted,Event_0,PhoneAccelerometer,PhoneAccelerometer_Event_0.data,989,4,0,0,0,epoch milliseconds (2018-03-06 13:36:14.136000),5.0,
S2_CloseDrawer_2_extracted,Event_0,PhoneGravity,PhoneGravity_Event_0.data,992,4,0,0,0,epoch milliseconds (2018-03-06 13:36:14.136000),5.0,
S2_CloseDrawer_2_extracted,Event_0,PhoneGyroscope,PhoneGyroscope_Event_0.data,989,4,0,0,0,epoch milliseconds (2018-03-06 13:36:14.140000),5.0,
S2_CloseDrawer_2_extracted,Event_0,PhoneLinearAccelerometer,PhoneLinearAccelerometer_Event_0.data,991,4,0,0,0,epoch milliseconds (2018-03-06 13:36:14.137000),5.0,
S2_CloseDrawer_2_extracted,Event_0,PhoneMagnetometer,PhoneMagnetometer_Event_0.data,501,4,0,0,0,epoch milliseconds (2018-03-06 13:36:14.143000),10.0,
S2_CloseDrawer_2_extracted,Event_0,android.sensor.accelerometer,android.sensor.accelerometer_Event_0.data,502,4,0,0,0,epoch milliseconds (2018-03-06 13:36:14.142000),10.0,
S2_CloseDrawer_2_extracted,Event_0,android.sensor.gyroscope,android.sensor.gyroscope_Event_0.data,502,4,0,0,0,epoch milliseconds (2018-03-06 13:36:14.144000),10.0,
S2_CloseDrawer_2_extracted,Event_1,JinsAccelerometer,JinsAccelerometer_Event_1.data,100,4,0,0,0,epoch milliseconds (2018-03-06 13:36:30.659000),52.0,
S2_CloseDrawer_2_extracted,Event_1,JinsBlinkSpeed,JinsBlinkSpeed_Event_1.data,100,2,0,0,0,epoch milliseconds (2018-03-06 13:36:30.659000),52.0,
S2_CloseDrawer_2_extracted,Event_1,JinsBlinkStrength,JinsBlinkStrength_Event_1.data,100,2,0,0,0,epoch milliseconds (2018-03-06 13:36:30.659000),52.0,
S2_CloseDrawer_2_extracted,Event_1,JinsEyeMovement,JinsEyeMovement_Event_1.data,100,5,0,0,0,epoch milliseconds (2018-03-06 13:36:30.659000),52.0,
S2_CloseDrawer_2_extracted,Event_1,JinsGyroscope,JinsGyroscope_Event_1.data,100,4,0,0,0,epoch milliseconds (2018-03-06 13:36:30.659000),52.0,
S2_CloseDrawer_2_extracted,Event_1,PhoneAccelerometer,PhoneAccelerometer_Event_1.data,991,4,0,0,0,epoch milliseconds (2018-03-06 13:36:30.627000),5.0,
S2_CloseDrawer_2_extracted,Event_1,PhoneGravity,PhoneGravity_Event_1.data,991,4,0,0,0,epoch milliseconds (2018-03-06 13:36:30.626000),5.0,
S2_CloseDrawer_2_extracted,Event_1,PhoneGyroscope,PhoneGyroscope_Event_1.data,992,4,0,0,0,epoch milliseconds (2018-03-06 13:36:30.625000),5.0,
S2_CloseDrawer_2_extracted,Event_1,PhoneLinearAccelerometer,PhoneLinearAccelerometer_Event_1.data,991,4,0,0,0,epoch milliseconds (2018-03-06 13:36:30.623000),5.0,
S2_CloseDrawer_2_extracted,Event_1,PhoneMagnetometer,PhoneMagnetometer_Event_1.data,495,4,0,0,0,epoch milliseconds (2018-03-06 13:36:30.631000),10.0,
S2_CloseDrawer_2_extracted,Event_1,android.sensor.accelerometer,android.sensor.accelerometer_Event_1.data,507,4,0,0,0,epoch milliseconds (2018-03-06 13:36:30.628000),10.0,
S2_CloseDrawer_2_extracted,Event_1,android.sensor.gyroscope,android.sensor.gyroscope_Event_1.data,508,4,0,0,0,epoch milliseconds (2018-03-06 13:36:30.628000),10.0,
S2_CloseDrawer_2_extracted,Event_2,JinsAccelerometer,JinsAccelerometer_Event_2.data,100,4,0,0,0,epoch milliseconds (2018-03-06 13:36:47.227000),52.0,
S2_CloseDrawer_2_extracted,Event_2,JinsBlinkSpeed,JinsBlinkSpeed_Event_2.data,100,2,0,0,0,epoch milliseconds (2018-03-06 13:36:47.227000),52.0,
S2_CloseDrawer_2_extracted,Event_2,JinsBlinkStrength,JinsBlinkStrength_Event_2.data,100,2,0,0,0,epoch milliseconds (2018-03-06 13:36:47.227000),52.0,
S2_CloseDrawer_2_extracted,Event_2,JinsEyeMovement,JinsEyeMovement_Event_2.data,100,5,0,0,0,epoch milliseconds (2018-03-06 13:36:47.227000),52.0,
S2_CloseDrawer_2_extracted,Event_2,JinsGyroscope,JinsGyroscope_Event_2.data,100,4,0,0,0,epoch milliseconds (2018-03-06 13:36:47.227000),52.0,
S2_CloseDrawer_2_extracted,Event_2,PhoneAccelerometer,PhoneAccelerometer_Event_2.data,994,4,0,0,0,epoch milliseconds (2018-03-06 13:36:47.210000),5.0,
S2_CloseDrawer_2_extracted,Event_2,PhoneGravity,PhoneGravity_Event_2.data,991,4,0,0,0,epoch milliseconds (2018-03-06 13:36:47.208000),5.0,
S2_CloseDrawer_2_extracted,Event_2,PhoneGyroscope,PhoneGyroscope_Event_2.data,990,4,0,0,0,epoch milliseconds (2018-03-06 13:36:47.206000),5.0,
S2_CloseDrawer_2_extracted,Event_2,PhoneLinearAccelerometer,PhoneLinearAccelerometer_Event_2.data,990,4,0,0,0,epoch milliseconds (2018-03-06 13:36:47.208000),5.0,
S2_CloseDrawer_2_extracted,Event_2,PhoneMagnetometer,PhoneMagnetometer_Event_2.data,501,4,0,0,0,epoch milliseconds (2018-03-06 13:36:47.215000),10.0,
S2_CloseDrawer_2_extracted,Event_2,android.sensor.accelerometer,android.sensor.accelerometer_Event_2.data,504,4,0,0,0,epoch milliseconds (2018-03-06 13:36:47.212000),10.0,
S2_CloseDrawer_2_extracted,Event_2,android.sensor.gyroscope,android.sensor.gyroscope_Event_2.data,505,4,0,0,0,epoch milliseconds (2018-03-06 13:36:47.210000),10.0,
S2_CloseDrawer_2_extracted,Event_3,JinsAccelerometer,JinsAccelerometer_Event_3.data,100,4,0,0,0,epoch milliseconds (2018-03-06 13:37:05.023000),52.0,
S2_CloseDrawer_2_extracted,Event_3,JinsBlinkSpeed,JinsBlinkSpeed_Event_3.data,100,2,0,0,0,epoch milliseconds (2018-03-06 13:37:05.023000),52.0,
S2_CloseDrawer_2_extracted,Event_3,JinsBlinkStrength,JinsBlinkStrength_Event_3.data,100,2,0,0,0,epoch milliseconds (2018-03-06 13:37:05.023000),52.0,
S2_CloseDrawer_2_extracted,Event_3,JinsEyeMovement,JinsEyeMovement_Event_3.data,100,5,0,0,0,epoch milliseconds (2018-03-06 13:37:05.023000),52.0,
S2_CloseDrawer_2_extracted,Event_3,JinsGyroscope,JinsGyroscope_Event_3.data,100,4,0,0,0,epoch milliseconds (2018-03-06 13:37:05.023000),52.0,
S2_CloseDrawer_2_extracted,Event_3,PhoneAccelerometer,PhoneAccelerometer_Event_3.data,992,4,0,0,0,epoch milliseconds (2018-03-06 13:37:04.990000),5.0,
S2_CloseDrawer_2_extracted,Event_3,PhoneGravity,PhoneGravity_Event_3.data,991,4,0,0,0,epoch milliseconds (2018-03-06 13:37:04.994000),5.0,
S2_CloseDrawer_2_extracted,Event_3,PhoneGyroscope,PhoneGyroscope_Event_3.data,990,4,0,0,0,epoch milliseconds (2018-03-06 13:37:04.993000),5.0,
S2_CloseDrawer_2_extracted,Event_3,PhoneLinearAccelerometer,PhoneLinearAccelerometer_Event_3.data,992,4,0,0,0,epoch milliseconds (2018-03-06 13:37:04.993000),5.0,
S2_CloseDrawer_2_extracted,Event_3,PhoneMagnetometer,PhoneMagnetometer_Event_3.data,501,4,0,0,0,epoch milliseconds (2018-03-06 13:37:04.991000),10.0,
S2_CloseDrawer_2_extracted,Event_3,android.sensor.accelerometer,android.sensor.accelerometer_Event_3.data,505,4,0,0,0,epoch milliseconds (2018-03-06 13:37:05.004000),10.0,
S2_CloseDrawer_2_extracted,Event_3,android.sensor.gyroscope,android.sensor.gyroscope_Event_3.data,504,4,0,0,0,epoch milliseconds (2018-03-06 13:37:05.007000),10.0,
S2_CloseDrawer_2_extracted,Event_4,JinsAccelerometer,JinsAccelerometer_Event_4.data,100,4,0,0,0,epoch milliseconds (2018-03-06 13:37:22.715000),52.0,
S2_CloseDrawer_2_extracted,Event_4,JinsBlinkSpeed,JinsBlinkSpeed_Event_4.data,100,2,0,0,0,epoch milliseconds (2018-03-06 13:37:22.715000),52.0,
S2_CloseDrawer_2_extracted,Event_4,JinsBlinkStrength,JinsBlinkStrength_Event_4.data,100,2,0,0,0,epoch milliseconds (2018-03-06 13:37:22.715000),52.0,
S2_CloseDrawer_2_extracted,Event_4,JinsEyeMovement,JinsEyeMovement_Event_4.data,100,5,0,0,0,epoch milliseconds (2018-03-06 13:37:22.715000),52.0,
S2_CloseDrawer_2_extracted,Event_4,JinsGyroscope,JinsGyroscope_Event_4.data,100,4,0,0,0,epoch milliseconds (2018-03-06 13:37:22.715000),52.0,
S2_CloseDrawer_2_extracted,Event_4,PhoneAccelerometer,PhoneAccelerometer_Event_4.data,996,4,0,0,0,epoch milliseconds (2018-03-06 13:37:22.688000),5.0,
S2_CloseDrawer_2_extracted,Event_4,PhoneGravity,PhoneGravity_Event_4.data,985,4,0,0,0,epoch milliseconds (2018-03-06 13:37:22.688000),5.0,
S2_CloseDrawer_2_extracted,Event_4,PhoneGyroscope,PhoneGyroscope_Event_4.data,985,4,0,0,0,epoch milliseconds (2018-03-06 13:37:22.687000),5.0,
S2_CloseDrawer_2_extracted,Event_4,PhoneLinearAccelerometer,PhoneLinearAccelerometer_Event_4.data,985,4,0,0,0,epoch milliseconds (2018-03-06 13:37:22.686000),5.0,
S2_CloseDrawer_2_extracted,Event_4,PhoneMagnetometer,PhoneMagnetometer_Event_4.data,510,4,0,0,0,epoch milliseconds (2018-03-06 13:37:22.688000),10.0,
S2_CloseDrawer_2_extracted,Event_4,android.sensor.accelerometer,android.sensor.accelerometer_Event_4.data,495,4,0,0,0,epoch milliseconds (2018-03-06 13:37:22.691000),10.0,
S2_CloseDrawer_2_extracted,Event_4,android.sensor.gyroscope,android.sensor.gyroscope_Event_4.data,494,4,0,0,0,epoch milliseconds (2018-03-06 13:37:22.693000),10.0,
S2_CloseLidByRotate_1_extracted,Event_0,JinsAccelerometer,JinsAccelerometer_Event_0.data,100,4,0,0,0,epoch milliseconds (2018-03-07 08:33:14.053000),53.0,
S2_CloseLidByRotate_1_extracted,Event_0,JinsBlinkSpeed,JinsBlinkSpeed_Event_0.data,100,2,0,0,0,epoch milliseconds (2018-03-07 08:33:14.053000),53.0,
S2_CloseLidByRotate_1_extracted,Event_0,JinsBlinkStrength,JinsBlinkStrength_Event_0.data,100,2,0,0,0,epoch milliseconds (2018-03-07 08:33:14.053000),53.0,
S2_CloseLidByRotate_1_extracted,Event_0,JinsEyeMovement,JinsEyeMovement_Event_0.data,100,5,0,0,0,epoch milliseconds (2018-03-07 08:33:14.053000),53.0,
S2_CloseLidByRotate_1_extracted,Event_0,JinsGyroscope,JinsGyroscope_Event_0.data,100,4,0,0,0,epoch milliseconds (2018-03-07 08:33:14.053000),53.0,
S2_CloseLidByRotate_1_extracted,Event_0,PhoneAccelerometer,PhoneAccelerometer_Event_0.data,991,4,0,0,0,epoch milliseconds (2018-03-07 08:33:14.016000),5.0,
S2_CloseLidByRotate_1_extracted,Event_0,PhoneGravity,PhoneGravity_Event_0.data,992,4,0,0,0,epoch milliseconds (2018-03-07 08:33:14.017000),5.0,
S2_CloseLidByRotate_1_extracted,Event_0,PhoneGyroscope,PhoneGyroscope_Event_0.data,993,4,0,0,0,epoch milliseconds (2018-03-07 08:33:14.016000),5.0,
S2_CloseLidByRotate_1_extracted,Event_0,PhoneLinearAccelerometer,PhoneLinearAccelerometer_Event_0.data,991,4,0,0,0,epoch milliseconds (2018-03-07 08:33:14.017000),5.0,
S2_CloseLidByRotate_1_extracted,Event_0,PhoneMagnetometer,PhoneMagnetometer_Event_0.data,501,4,0,0,0,epoch milliseconds (2018-03-07 08:33:14.017000),10.0,
S2_CloseLidByRotate_1_extracted,Event_0,android.sensor.accelerometer,android.sensor.accelerometer_Event_0.data,494,4,0,0,0,epoch milliseconds (2018-03-07 08:33:14.022000),10.0,
S2_CloseLidByRotate_1_extracted,Event_0,android.sensor.gyroscope,android.sensor.gyroscope_Event_0.data,493,4,0,0,0,epoch milliseconds (2018-03-07 08:33:14.024000),10.0,
S2_CloseLidByRotate_1_extracted,Event_1,JinsAccelerometer,JinsAccelerometer_Event_1.data,100,4,0,0,0,epoch milliseconds (2018-03-07 08:33:31.717000),52.0,
S2_CloseLidByRotate_1_extracted,Event_1,JinsBlinkSpeed,JinsBlinkSpeed_Event_1.data,100,2,0,0,0,epoch milliseconds (2018-03-07 08:33:31.717000),52.0,
S2_CloseLidByRotate_1_extracted,Event_1,JinsBlinkStrength,JinsBlinkStrength_Event_1.data,100,2,0,0,0,epoch milliseconds (2018-03-07 08:33:31.717000),52.0,
S2_CloseLidByRotate_1_extracted,Event_1,JinsEyeMovement,JinsEyeMovement_Event_1.data,100,5,0,0,0,epoch milliseconds (2018-03-07 08:33:31.717000),52.0,
S2_CloseLidByRotate_1_extracted,Event_1,JinsGyroscope,JinsGyroscope_Event_1.data,100,4,0,0,0,epoch milliseconds (2018-03-07 08:33:31.717000),52.0,
S2_CloseLidByRotate_1_extracted,Event_1,PhoneAccelerometer,PhoneAccelerometer_Event_1.data,991,4,0,0,0,epoch milliseconds (2018-03-07 08:33:31.705000),5.0,
S2_CloseLidByRotate_1_extracted,Event_1,PhoneGravity,PhoneGravity_Event_1.data,991,4,0,0,0,epoch milliseconds (2018-03-07 08:33:31.704000),5.0,
S2_CloseLidByRotate_1_extracted,Event_1,PhoneGyroscope,PhoneGyroscope_Event_1.data,994,4,0,0,0,epoch milliseconds (2018-03-07 08:33:31.705000),5.0,
S2_CloseLidByRotate_1_extracted,Event_1,PhoneLinearAccelerometer,PhoneLinearAccelerometer_Event_1.data,992,4,0,0,0,epoch milliseconds (2018-03-07 08:33:31.703000),5.0,
S2_CloseLidByRotate_1_extracted,Event_1,PhoneMagnetometer,PhoneMagnetometer_Event_1.data,501,4,0,0,0,epoch milliseconds (2018-03-07 08:33:31.710000),10.0,
S2_CloseLidByRotate_1_extracted,Event_1,android.sensor.accelerometer,android.sensor.accelerometer_Event_1.data,480,4,0,0,0,epoch milliseconds (2018-03-07 08:33:31.709000),10.0,
S2_CloseLidByRotate_1_extracted,Event_1,android.sensor.gyroscope,android.sensor.gyroscope_Event_1.data,480,4,0,0,0,epoch milliseconds (2018-03-07 08:33:31.711000),10.0,
S2_CloseLidByRotate_1_extracted,Event_2,JinsAccelerometer,JinsAccelerometer_Event_2.data,100,4,0,0,0,epoch milliseconds (2018-03-07 08:33:49.854000),52.0,
S2_CloseLidByRotate_1_extracted,Event_2,JinsBlinkSpeed,JinsBlinkSpeed_Event_2.data,100,2,0,0,0,epoch milliseconds (2018-03-07 08:33:49.854000),52.0,
S2_CloseLidByRotate_1_extracted,Event_2,JinsBlinkStrength,JinsBlinkStrength_Event_2.data,100,2,0,0,0,epoch milliseconds (2018-03-07 08:33:49.854000),52.0,
S2_CloseLidByRotate_1_extracted,Event_2,JinsEyeMovement,JinsEyeMovement_Event_2.data,100,5,0,0,0,epoch milliseconds (2018-03-07 08:33:49.854000),52.0,
S2_CloseLidByRotate_1_extracted,Event_2,JinsGyroscope,JinsGyroscope_Event_2.data,100,4,0,0,0,epoch milliseconds (2018-03-07 08:33:49.854000),52.0,
S2_CloseLidByRotate_1_extracted,Event_2,PhoneAccelerometer,PhoneAccelerometer_Event_2.data,990,4,0,0,0,epoch milliseconds (2018-03-07 08:33:49.826000),5.0,
S2_CloseLidByRotate_1_extracted,Event_2,PhoneGravity,PhoneGravity_Event_2.data,991,4,0,0,0,epoch milliseconds (2018-03-07 08:33:49.825000),5.0,
S2_CloseLidByRotate_1_extracted,Event_2,PhoneGyroscope,PhoneGyroscope_Event_2.data,992,4,0,0,0,epoch milliseconds (2018-03-07 08:33:49.826000),5.0,
S2_CloseLidByRotate_1_extracted,Event_2,PhoneLinearAccelerometer,PhoneLinearAccelerometer_Event_2.data,990,4,0,0,0,epoch milliseconds (2018-03-07 08:33:49.824000),5.0,
S2_CloseLidByRotate_1_extracted,Event_2,PhoneMagnetometer,PhoneMagnetometer_Event_2.data,500,4,0,0,0,epoch milliseconds (2018-03-07 08:33:49.832000),10.0,
S2_CloseLidByRotate_1_extracted,Event_2,android.sensor.accelerometer,android.sensor.accelerometer_Event_2.data,500,4,0,0,0,epoch milliseconds (2018-03-07 08:33:49.825000),10.0,
S2_CloseLidByRotate_1_extracted,Event_2,android.sensor.gyroscope,android.sensor.gyroscope_Event_2.data,499,4,0,0,0,epoch milliseconds (2018-03-07 08:33:49.826000),10.0,
S2_CloseLidByRotate_1_extracted,Event_3,JinsAccelerometer,JinsAccelerometer_Event_3.data,100,4,0,0,0,epoch milliseconds (2018-03-07 08:34:08.256000),52.0,
S2_CloseLidByRotate_1_extracted,Event_3,JinsBlinkSpeed,JinsBlinkSpeed_Event_3.data,100,2,0,0,0,epoch milliseconds (2018-03-07 08:34:08.256000),52.0,
S2_CloseLidByRotate_1_extracted,Event_3,JinsBlinkStrength,JinsBlinkStrength_Event_3.data,100,2,0,0,0,epoch milliseconds (2018-03-07 08:34:08.256000),52.0,
S2_CloseLidByRotate_1_extracted,Event_3,JinsEyeMovement,JinsEyeMovement_Event_3.data,100,5,0,0,0,epoch milliseconds (2018-03-07 08:34:08.256000),52.0,
S2_CloseLidByRotate_1_extracted,Event_3,JinsGyroscope,JinsGyroscope_Event_3.data,100,4,0,0,0,epoch milliseconds (2018-03-07 08:34:08.256000),52.0,
S2_CloseLidByRotate_1_extracted,Event_3,PhoneAccelerometer,PhoneAccelerometer_Event_3.data,991,4,0,0,0,epoch milliseconds (2018-03-07 08:34:08.251000),5.0,
S2_CloseLidByRotate_1_extracted,Event_3,PhoneGravity,PhoneGravity_Event_3.data,992,4,0,0,0,epoch milliseconds (2018-03-07 08:34:08.251000),5.0,
S2_CloseLidByRotate_1_extracted,Event_3,PhoneGyroscope,PhoneGyroscope_Event_3.data,991,4,0,0,0,epoch milliseconds (2018-03-07 08:34:08.247000),5.0,
S2_CloseLidByRotate_1_extracted,Event_3,PhoneLinearAccelerometer,PhoneLinearAccelerometer_Event_3.data,991,4,0,0,0,epoch milliseconds (2018-03-07 08:34:08.247000),5.0,
S2_CloseLidByRotate_1_extracted,Event_3,PhoneMagnetometer,PhoneMagnetometer_Event_3.data,506,4,0,0,0,epoch milliseconds (2018-03-07 08:34:08.251000),10.0,
S2_CloseLidByRotate_1_extracted,Event_3,android.sensor.accelerometer,android.sensor.accelerometer_Event_3.data,492,4,0,0,0,epoch milliseconds (2018-03-07 08:34:08.255000),10.0,
S2_CloseLidByRotate_1_extracted,Event_3,android.sensor.gyroscope,android.sensor.gyroscope_Event_3.data,493,4,0,0,0,epoch milliseconds (2018-03-07 08:34:08.247000),10.0,
S2_CloseLidByRotate_1_extracted,Event_4,JinsAccelerometer,JinsAccelerometer_Event_4.data,100,4,0,0,0,epoch milliseconds (2018-03-07 08:34:27.503000),52.0,
S2_CloseLidByRotate_1_extracted,Event_4,JinsBlinkSpeed,JinsBlinkSpeed_Event_4.data,100,2,0,0,0,epoch milliseconds (2018-03-07 08:34:27.503000),52.0,
S2_CloseLidByRotate_1_extracted,Event_4,JinsBlinkStrength,JinsBlinkStrength_Event_4.data,100,2,0,0,0,epoch milliseconds (2018-03-07 08:34:27.503000),52.0,
S2_CloseLidByRotate_1_extracted,Event_4,JinsEyeMovement,JinsEyeMovement_Event_4.data,100,5,0,0,0,epoch milliseconds (2018-03-07 08:34:27.503000),52.0,
S2_CloseLidByRotate_1_extracted,Event_4,JinsGyroscope,JinsGyroscope_Event_4.data,100,4,0,0,0,epoch milliseconds (2018-03-07 08:34:27.503000),52.0,
S2_CloseLidByRotate_1_extracted,Event_4,PhoneAccelerometer,PhoneAccelerometer_Event_4.data,991,4,0,0,0,epoch milliseconds (2018-03-07 08:34:27.498000),5.0,
S2_CloseLidByRotate_1_extracted,Event_4,PhoneGravity,PhoneGravity_Event_4.data,991,4,0,0,0,epoch milliseconds (2018-03-07 08:34:27.497000),5.0,
S2_CloseLidByRotate_1_extracted,Event_4,PhoneGyroscope,PhoneGyroscope_Event_4.data,990,4,0,0,0,epoch milliseconds (2018-03-07 08:34:27.497000),5.0,
S2_CloseLidByRotate_1_extracted,Event_4,PhoneLinearAccelerometer,PhoneLinearAccelerometer_Event_4.data,992,4,0,0,0,epoch milliseconds (2018-03-07 08:34:27.497000),5.0,
S2_CloseLidByRotate_1_extracted,Event_4,PhoneMagnetometer,PhoneMagnetometer_Event_4.data,501,4,0,0,0,epoch milliseconds (2018-03-07 08:34:27.499000),10.0,
S2_CloseLidByRotate_1_extracted,Event_4,android.sensor.accelerometer,android.sensor.accelerometer_Event_4.data,493,4,0,0,0,epoch milliseconds (2018-03-07 08:34:27.497000),10.0,
S2_CloseLidByRotate_1_extracted,Event_4,android.sensor.gyroscope,android.sensor.gyroscope_Event_4.data,494,4,0,0,0,epoch milliseconds (2018-03-07 08:34:27.497000),10.0,
S2_CloseLidByRotate_2_extracted,Event_0,JinsAccelerometer,JinsAccelerometer_Event_0.data,100,4,0,0,0,epoch milliseconds (2018-03-07 08:37:20.570000),52.0,
S2_CloseLidByRotate_2_extracted,Event_0,JinsBlinkSpeed,JinsBlinkSpeed_Event_0.data,100,2,0,0,0,epoch milliseconds (2018-03-07 08:37:20.570000),52.0,
S2_CloseLidByRotate_2_extracted,Event_0,JinsBlinkStrength,JinsBlinkStrength_Event_0.data,100,2,0,0,0,epoch milliseconds (2018-03-07 08:37:20.570000),52.0,
S2_CloseLidByRotate_2_extracted,Event_0,JinsEyeMovement,JinsEyeMovement_Event_0.data,100,5,0,0,0,epoch milliseconds (2018-03-07 08:37:20.570000),52.0,
S2_CloseLidByRotate_2_extracted,Event_0,JinsGyroscope,JinsGyroscope_Event_0.data,100,4,0,0,0,epoch milliseconds (2018-03-07 08:37:20.570000),52.0,
S2_CloseLidByRotate_2_extracted,Event_0,PhoneAccelerometer,PhoneAccelerometer_Event_0.data,991,4,0,0,0,epoch milliseconds (2018-03-07 08:37:20.536000),5.0,
S2_CloseLidByRotate_2_extracted,Event_0,PhoneGravity,PhoneGravity_Event_0.data,990,4,0,0,0,epoch milliseconds (2018-03-07 08:37:20.536000),5.0,
S2_CloseLidByRotate_2_extracted,Event_0,PhoneGyroscope,PhoneGyroscope_Event_0.data,992,4,0,0,0,epoch milliseconds (2018-03-07 08:37:20.533000),5.0,
S2_CloseLidByRotate_2_extracted,Event_0,PhoneLinearAccelerometer,PhoneLinearAccelerometer_Event_0.data,991,4,0,0,0,epoch milliseconds (2018-03-07 08:37:20.536000),5.0,
S2_CloseLidByRotate_2_extracted,Event_0,PhoneMagnetometer,PhoneMagnetometer_Event_0.data,502,4,0,0,0,epoch milliseconds (2018-03-07 08:37:20.533000),10.0,
S2_CloseLidByRotate_2_extracted,Event_0,android.sensor.accelerometer,android.sensor.accelerometer_Event_0.data,493,4,0,0,0,epoch milliseconds (2018-03-07 08:37:20.535000),10.0,
S2_CloseLidByRotate_2_extracted,Event_0,android.sensor.gyroscope,android.sensor.gyroscope_Event_0.data,492,4,0,0,0,epoch milliseconds (2018-03-07 08:37:20.536000),10.0,
S2_CloseLidByRotate_2_extracted,Event_1,JinsAccelerometer,JinsAccelerometer_Event_1.data,100,4,0,0,0,epoch milliseconds (2018-03-07 08:37:38.929000),52.0,
S2_CloseLidByRotate_2_extracted,Event_1,JinsBlinkSpeed,JinsBlinkSpeed_Event_1.data,100,2,0,0,0,epoch milliseconds (2018-03-07 08:37:38.929000),52.0,
S2_CloseLidByRotate_2_extracted,Event_1,JinsBlinkStrength,JinsBlinkStrength_Event_1.data,100,2,0,0,0,epoch milliseconds (2018-03-07 08:37:38.929000),52.0,
S2_CloseLidByRotate_2_extracted,Event_1,JinsEyeMovement,JinsEyeMovement_Event_1.data,100,5,0,0,0,epoch milliseconds (2018-03-07 08:37:38.929000),52.0,
S2_CloseLidByRotate_2_extracted,Event_1,JinsGyroscope,JinsGyroscope_Event_1.data,100,4,0,0,0,epoch milliseconds (2018-03-07 08:37:38.929000),52.0,
S2_CloseLidByRotate_2_extracted,Event_1,PhoneAccelerometer,PhoneAccelerometer_Event_1.data,991,4,0,0,0,epoch milliseconds (2018-03-07 08:37:38.920000),5.0,
S2_CloseLidByRotate_2_extracted,Event_1,PhoneGravity,PhoneGravity_Event_1.data,990,4,0,0,0,epoch milliseconds (2018-03-07 08:37:38.921000),5.0,
S2_CloseLidByRotate_2_extracted,Event_1,PhoneGyroscope,PhoneGyroscope_Event_1.data,991,4,0,0,0,epoch milliseconds (2018-03-07 08:37:38.921000),5.0,
S2_CloseLidByRotate_2_extracted,Event_1,PhoneLinearAccelerometer,PhoneLinearAccelerometer_Event_1.data,991,4,0,0,0,epoch milliseconds (2018-03-07 08:37:38.917000),5.0,
S2_CloseLidByRotate_2_extracted,Event_1,PhoneMagnetometer,PhoneMagnetometer_Event_1.data,501,4,0,0,0,epoch milliseconds (2018-03-07 08:37:38.920000),10.0,
S2_CloseLidByRotate_2_extracted,Event_1,android.sensor.accelerometer,android.sensor.accelerometer_Event_1.data,500,4,0,0,0,epoch milliseconds (2018-03-07 08:37:38.919000),10.0,
S2_CloseLidByRotate_2_extracted,Event_1,android.sensor.gyroscope,android.sensor.gyroscope_Event_1.data,499,4,0,0,0,epoch milliseconds (2018-03-07 08:37:38.922000),10.0,
S2_CloseLidByRotate_2_extracted,Event_2,JinsAccelerometer,JinsAccelerometer_Event_2.data,100,4,0,0,0,epoch milliseconds (2018-03-07 08:38:00.077000),52.0,
S2_CloseLidByRotate_2_extracted,Event_2,JinsBlinkSpeed,JinsBlinkSpeed_Event_2.data,100,2,0,0,0,epoch milliseconds (2018-03-07 08:38:00.077000),52.0,
S2_CloseLidByRotate_2_extracted,Event_2,JinsBlinkStrength,JinsBlinkStrength_Event_2.data,100,2,0,0,0,epoch milliseconds (2018-03-07 08:38:00.077000),52.0,
S2_CloseLidByRotate_2_extracted,Event_2,JinsEyeMovement,JinsEyeMovement_Event_2.data,100,5,0,0,0,epoch milliseconds (2018-03-07 08:38:00.077000),52.0,
S2_CloseLidByRotate_2_extracted,Event_2,JinsGyroscope,JinsGyroscope_Event_2.data,100,4,0,0,0,epoch milliseconds (2018-03-07 08:38:00.077000),52.0,
S2_CloseLidByRotate_2_extracted,Event_2,PhoneAccelerometer,PhoneAccelerometer_Event_2.data,992,4,0,0,0,epoch milliseconds (2018-03-07 08:38:00.046000),5.0,
S2_CloseLidByRotate_2_extracted,Event_2,PhoneGravity,PhoneGravity_Event_2.data,990,4,0,0,0,epoch milliseconds (2018-03-07 08:38:00.049000),5.0,
S2_CloseLidByRotate_2_extracted,Event_2,PhoneGyroscope,PhoneGyroscope_Event_2.data,991,4,0,0,0,epoch milliseconds (2018-03-07 08:38:00.049000),5.0,
S2_CloseLidByRotate_2_extracted,Event_2,PhoneLinearAccelerometer,PhoneLinearAccelerometer_Event_2.data,991,4,0,0,0,epoch milliseconds (2018-03-07 08:38:00.045000),5.0,
S2_CloseLidByRotate_2_extracted,Event_2,PhoneMagnetometer,PhoneMagnetometer_Event_2.data,501,4,0,0,0,epoch milliseconds (2018-03-07 08:38:00.050000),10.0,
S2_CloseLidByRotate_2_extracted,Event_2,android.sensor.accelerometer,android.sensor.accelerometer_Event_2.data,492,4,0,0,0,epoch milliseconds (2018-03-07 08:38:00.049000),10.0,
S2_CloseLidByRotate_2_extracted,Event_2,android.sensor.gyroscope,android.sensor.gyroscope_Event_2.data,493,4,0,0,0,epoch milliseconds (2018-03-07 08:38:00.047000),10.0,
S2_CloseLidByRotate_2_extracted,Event_3,JinsAccelerometer,JinsAccelerometer_Event_3.data,100,4,0,0,0,epoch milliseconds (2018-03-07 08:38:17.873000),53.0,
S2_CloseLidByRotate_2_extracted,Event_3,JinsBlinkSpeed,JinsBlinkSpeed_Event_3.data,100,2,0,0,0,epoch milliseconds (2018-03-07 08:38:17.873000),53.0,
S2_CloseLidByRotate_2_extracted,Event_3,JinsBlinkStrength,JinsBlinkStrength_Event_3.data,100,2,0,0,0,epoch milliseconds (2018-03-07 08:38:17.873000),53.0,
S2_CloseLidByRotate_2_extracted,Event_3,JinsEyeMovement,JinsEyeMovement_Event_3.data,100,5,0,0,0,epoch milliseconds (2018-03-07 08:38:17.873000),53.0,
S2_CloseLidByRotate_2_extracted,Event_3,JinsGyroscope,JinsGyroscope_Event_3.data,100,4,0,0,0,epoch milliseconds (2018-03-07 08:38:17.873000),53.0,
S2_CloseLidByRotate_2_extracted,Event_3,PhoneAccelerometer,PhoneAccelerometer_Event_3.data,994,4,0,0,0,epoch milliseconds (2018-03-07 08:38:17.840000),5.0,
S2_CloseLidByRotate_2_extracted,Event_3,PhoneGravity,PhoneGravity_Event_3.data,992,4,0,0,0,epoch milliseconds (2018-03-07 08:38:17.837000),5.0,
S2_CloseLidByRotate_2_extracted,Event_3,PhoneGyroscope,PhoneGyroscope_Event_3.data,990,4,0,0,0,epoch milliseconds (2018-03-07 08:38:17.842000),5.0,
S2_CloseLidByRotate_2_extracted,Event_3,PhoneLinearAccelerometer,PhoneLinearAccelerometer_Event_3.data,991,4,0,0,0,epoch milliseconds (2018-03-07 08:38:17.840000),5.0,
S2_CloseLidByRotate_2_extracted,Event_3,PhoneMagnetometer,PhoneMagnetometer_Event_3.data,499,4,0,0,0,epoch milliseconds (2018-03-07 08:38:17.841000),10.0,
S2_CloseLidByRotate_2_extracted,Event_3,android.sensor.accelerometer,android.sensor.accelerometer_Event_3.data,508,4,0,0,0,epoch milliseconds (2018-03-07 08:38:17.870000),10.0,
S2_CloseLidByRotate_2_extracted,Event_3,android.sensor.gyroscope,android.sensor.gyroscope_Event_3.data,508,4,0,0,0,epoch milliseconds (2018-03-07 08:38:17.878000),10.0,
S2_CloseLidByRotate_2_extracted,Event_4,JinsAccelerometer,JinsAccelerometer_Event_4.data,100,4,0,0,0,epoch milliseconds (2018-03-07 08:38:37.431000),52.0,
S2_CloseLidByRotate_2_extracted,Event_4,JinsBlinkSpeed,JinsBlinkSpeed_Event_4.data,100,2,0,0,0,epoch milliseconds (2018-03-07 08:38:37.431000),52.0,
S2_CloseLidByRotate_2_extracted,Event_4,JinsBlinkStrength,JinsBlinkStrength_Event_4.data,100,2,0,0,0,epoch milliseconds (2018-03-07 08:38:37.431000),52.0,
S2_CloseLidByRotate_2_extracted,Event_4,JinsEyeMovement,JinsEyeMovement_Event_4.data,100,5,0,0,0,epoch milliseconds (2018-03-07 08:38:37.431000),52.0,
S2_CloseLidByRotate_2_extracted,Event_4,JinsGyroscope,JinsGyroscope_Event_4.data,100,4,0,0,0,epoch milliseconds (2018-03-07 08:38:37.431000),52.0,
S2_CloseLidByRotate_2_extracted,Event_4,PhoneAccelerometer,PhoneAccelerometer_Event_4.data,993,4,0,0,0,epoch milliseconds (2018-03-07 08:38:37.405000),5.0,
S2_CloseLidByRotate_2_extracted,Event_4,PhoneGravity,PhoneGravity_Event_4.data,992,4,0,0,0,epoch milliseconds (2018-03-07 08:38:37.408000),5.0,
S2_CloseLidByRotate_2_extracted,Event_4,PhoneGyroscope,PhoneGyroscope_Event_4.data,992,4,0,0,0,epoch milliseconds (2018-03-07 08:38:37.407000),5.0,
S2_CloseLidByRotate_2_extracted,Event_4,PhoneLinearAccelerometer,PhoneLinearAccelerometer_Event_4.data,993,4,0,0,0,epoch milliseconds (2018-03-07 08:38:37.407000),5.0,
S2_CloseLidByRotate_2_extracted,Event_4,PhoneMagnetometer,PhoneMagnetometer_Event_4.data,501,4,0,0,0,epoch milliseconds (2018-03-07 08:38:37.414000),10.0,
S2_CloseLidByRotate_2_extracted,Event_4,android.sensor.accelerometer,android.sensor.accelerometer_Event_4.data,495,4,0,0,0,epoch milliseconds (2018-03-07 08:38:37.414000),10.0,
S2_CloseLidByRotate_2_extracted,Event_4,android.sensor.gyroscope,android.sensor.gyroscope_Event_4.data,495,4,0,0,0,epoch milliseconds (2018-03-07 08:38:37.407000),10.0,
