subject,activity,train_folder,test_folder,status,selected_for_subject,subject_label
S1,Bending,S1_Bending_1_extracted,S1_Bending_2_extracted,paired,True,0
S1,Bring,S1_Bring_1_extracted,S1_Bring_2_extracted,paired,True,1
S1,CleanFloor,S1_CleanFloor_1_extracted,S1_CleanFloor_2_extracted,paired,True,2
S1,Cleansurface,,,missing_both,False,
S1,CleanSurface,S1_CleanSurface_1_extracted,S1_CleanSurface_2_extracted,paired,True,3
S1,CloseBigBox,S1_CloseBigBox_1_extracted,S1_CloseBigBox_2_extracted,paired,False,
S1,CloseDoor,S1_CloseDoor_1_extracted,S1_CloseDoor_2_extracted,paired,False,
S1,CloseDrawer,S1_CloseDrawer_1_extracted,S1_CloseDrawer_2_extracted,paired,False,
S1,closedrawer,,,missing_both,False,
S1,Closedrawer,,,missing_both,False,
S1,CloseLidByRotate,S1_CloseLidByRotate_1_extracted,S1_CloseLidByRotate_2_extracted,paired,False,
S1,Closeotherlid,,,missing_both,False,
S1,closeotherlid,,,missing_both,False,
S1,CloseOtherLid,S1_CloseOtherLid_1_extracted,S1_CloseOtherLid_2_extracted,paired,False,
S1,Closesmallbox,,,missing_both,False,
S1,closesmallbox,,,missing_both,False,
S1,CloseSmallBox,S1_CloseSmallBox_1_extracted,S1_CloseSmallBox_2_extracted,paired,False,
S1,Drink,S1_Drink_1_extracted,S1_Drink_2_extracted,paired,False,
S1,drink,,,missing_both,False,
S1,dryoffhand,,,missing_both,False,
S1,DryOffHand,S1_DryOffHand_1_extracted,S1_DryOffHand_2_extracted,paired,False,
S1,dryoffhandbyshake,,,missing_both,False,
S1,DryOffHandByShake,S1_DryOffHandByShake_1_extracted,S1_DryOffHandByShake_2_extracted,paired,False,
S1,Dryoffhands,,,missing_both,False,
S1,eatsmallthing,,,missing_both,False,
S1,EatSmallThing,S1_EatSmallThing_1_extracted,S1_EatSmallThing_2_extracted,paired,False,
S1,gargle,,,missing_both,False,
S1,Gargle,S1_Gargle_1_extracted,S1_Gargle_2_extracted,paired,False,
S1,GetUp,S1_GetUp_1_extracted,S1_GetUp_2_extracted,paired,False,
S1,getup,,,missing_both,False,
S1,Getup,,,missing_both,False,
S1,hang,,,missing_both,False,
S1,Hang,S1_Hang_1_extracted,S1_Hang_2_extracted,paired,False,
S1,Liedown,,,missing_both,False,
S1,LieDown,S1_LieDown_1_extracted,S1_LieDown_2_extracted,paired,False,
S1,liedown,,,missing_both,False,
S1,Lying,S1_Lying_1_extracted,S1_Lying_2_extracted,paired,False,
S1,lying,,,missing_both,False,
S1,OpenBag,S1_OpenBag_1_extracted,S1_OpenBag_2_extracted,paired,False,
S1,openbag,,,missing_both,False,
S1,Openbag,,,missing_both,False,
S1,Openbigbox,,,missing_both,False,
S1,openbigbox,,,missing_both,False,
S1,OpenBigBox,S1_OpenBigBox_1_extracted,S1_OpenBigBox_2_extracted,paired,False,
S1,OpenDoor,S1_OpenDoor_1_extracted,S1_OpenDoor_2_extracted,paired,False,
S1,opendoor,,,missing_both,False,
S1,Opendoor,,,missing_both,False,
S1,Opendrawer,,,missing_both,False,
S1,OpenDrawer,S1_OpenDrawer_1_extracted,S1_OpenDrawer_2_extracted,paired,False,
S1,opendrawer,,,missing_both,False,
S1,OpenLidByRotate,S1_OpenLidByRotate_1_extracted,S1_OpenLidByRotate_2_extracted,paired,False,
S1,Openlidbyrotate,,,missing_both,False,
S1,openlidbyrotate,,,missing_both,False,
S1,OpenOtherLid,S1_OpenOtherLid_1_extracted,S1_OpenOtherLid_2_extracted,paired,False,
S1,Openotherlid,,,missing_both,False,
S1,openotherlid,,,missing_both,False,
S1,OpenSmallBox,S1_OpenSmallBox_1_extracted,S1_OpenSmallBox_2_extracted,paired,False,
S1,opensmallbox,,,missing_both,False,
S1,Opensmallbox,,,missing_both,False,
S1,Plugin,,,missing_both,False,
S1,plugin,,,missing_both,False,
S1,PlugIn,S1_PlugIn_1_extracted,S1_PlugIn_2_extracted,paired,False,
S1,PressByGrasp,S1_PressByGrasp_1_extracted,S1_PressByGrasp_2_extracted,paired,False,
S1,Pressbygrasp,,,missing_both,False,
S1,Pressfromtop,,,missing_both,False,
S1,pressfromtop,,,missing_both,False,
S1,PressFromTop,S1_PressFromTop_1_extracted,S1_PressFromTop_2_extracted,paired,False,
S1,PressSwitch,S1_PressSwitch_1_extracted,S1_PressSwitch_2_extracted,paired,False,
S1,pressswitch,,,missing_both,False,
S1,PutFromBottle,S1_PutFromBottle_1_extracted,S1_PutFromBottle_2_extracted,paired,False,
S1,Putfrombottle,,,missing_both,False,
S1,putfrombottle,,,missing_both,False,
S1,PutFromTapWater,S1_PutFromTapWater_1_extracted,S1_PutFromTapWater_2_extracted,paired,False,
S1,Putfromtapwater,,,missing_both,False,
S1,putfromtapwater,,,missing_both,False,
S1,PutHighPosition,,,missing_both,False,
S1,PutOnFloor,S1_PutOnFloor_1_extracted,S1_PutOnFloor_2_extracted,paired,False,
S1,putonfloor,,,missing_both,False,
S1,Putonfloor,,,missing_both,False,
S1,putonhighposition,,,missing_both,False,
S1,PutOnHighPosition,S1_PutOnHighPosition_1_extracted,S1_PutOnHighPosition_2_extracted,paired,False,
S1,Read,S1_Read_1_extracted,S1_Read_2_extracted,paired,False,
S1,read,,,missing_both,False,
S1,Rotate,S1_Rotate_1_extracted,S1_Rotate_2_extracted,paired,False,
S1,rotate,,,missing_both,False,
S1,Rubhands,,,missing_both,False,
S1,RubHands,S1_RubHands_1_extracted,S1_RubHands_2_extracted,paired,False,
S1,rubhands,,,missing_both,False,
S1,ScoopAndPut,S1_ScoopAndPut_1_extracted,S1_ScoopAndPut_2_extracted,paired,False,
S1,scoopandput,,,missing_both,False,
S1,Scoopandput,,,missing_both,False,
S1,Sitdown,,,missing_both,False,
S1,SitDown,S1_SitDown_1_extracted,S1_SitDown_2_extracted,paired,False,
S1,sitdown,,,missing_both,False,
S1,Sitting,S1_Sitting_1_extracted,S1_Sitting_2_extracted,paired,False,
S1,sitting,,,missing_both,False,
S1,Squatdown,,,missing_both,False,
S1,squatdown,,,missing_both,False,
S1,SquatDown,S1_SquatDown_1_extracted,S1_SquatDown_2_extracted,paired,False,
S1,Squatting,S1_Squatting_1_extracted,S1_Squatting_2_extracted,paired,False,
S1,squatting,,,missing_both,False,
S1,Standing,S1_Standing_1_extracted,S1_Standing_2_extracted,paired,False,
S1,standing,,,missing_both,False,
S1,StandUp,S1_StandUp_1_extracted,S1_StandUp_2_extracted,paired,False,
S1,Standup,,,missing_both,False,
S1,standup,,,missing_both,False,
S1,Standupfromsquatting,,,missing_both,False,
S1,standupfromsquatting,,,missing_both,False,
S1,StandUpFromSquatting,S1_StandUpFromSquatting_1_extracted,S1_StandUpFromSquatting_2_extracted,paired,False,
S1,takefromfloor,,,missing_both,False,
S1,TakeFromFloor,S1_TakeFromFloor_1_extracted,S1_TakeFromFloor_2_extracted,paired,False,
S1,Takefromfloor,,,missing_both,False,
S1,Takefromhighposition,,,missing_both,False,
S1,TakeFromHighPosition,S1_TakeFromHighPosition_1_extracted,S1_TakeFromHighPosition_2_extracted,paired,False,
S1,takefromhighposition,,,missing_both,False,
S1,Takeoffjacket,,,missing_both,False,
S1,takeoffjacket,,,missing_both,False,
S1,TakeOffJacket,S1_TakeOffJacket_1_extracted,S1_TakeOffJacket_2_extracted,paired,False,
S1,TakeOut,S1_TakeOut_1_extracted,S1_TakeOut_2_extracted,paired,False,
S1,Takeout,,,missing_both,False,
S1,takeout,,,missing_both,False,
S1,TalkByPhone,,S1_TalkByPhone_2_extracted,missing_train,False,
S1,talkbyphone,S1_talkbyphone_1_extracted,,missing_test,False,
S1,Throwout,,,missing_both,False,
S1,throwout,,,missing_both,False,
S1,ThrowOut,S1_ThrowOut_1_extracted,S1_ThrowOut_2_extracted,paired,False,
S1,ThrowOutWater,S1_ThrowOutWater_1_extracted,S1_ThrowOutWater_2_extracted,paired,False,
S1,Throwoutwater,,,missing_both,False,
S1,TouchSmartPhoneScreen,S1_TouchSmartPhoneScreen_1_extracted,S1_TouchSmartPhoneScreen_2_extracted,paired,False,
S1,touchsmartphonescreen,,,missing_both,False,
S1,TouchSmartphoneScreen,,,missing_both,False,
S1,Type,S1_Type_1_extracted,S1_Type_2_extracted,paired,False,
S1,type,,,missing_both,False,
S1,Unhang,S1_Unhang_1_extracted,S1_Unhang_2_extracted,paired,False,
S1,unhang,,,missing_both,False,
S1,Unplug,S1_Unplug_1_extracted,S1_Unplug_2_extracted,paired,False,
S1,unplug,,,missing_both,False,
S1,UnPlug,,,missing_both,False,
S1,walking,,,missing_both,False,
S1,Walking,S1_Walking_1_extracted,S1_Walking_2_extracted,paired,False,
S1,wearjacket,,,missing_both,False,
S1,WearJacket,S1_WearJacket_1_extracted,S1_WearJacket_2_extracted,paired,False,
S1,Wearjacket,,,missing_both,False,
S1,write,,,missing_both,False,
S1,Write,S1_Write_1_extracted,S1_Write_2_extracted,paired,False,
S2,Bending,S2_Bending_1_extracted,S2_Bending_2_extracted,paired,False,
S2,Bring,S2_Bring_1_extracted,S2_Bring_2_extracted,paired,False,
S2,CleanFloor,S2_CleanFloor_1_extracted,S2_CleanFloor_2_extracted,paired,False,
S2,Cleansurface,,,missing_both,False,
S2,CleanSurface,S2_CleanSurface_1_extracted,S2_CleanSurface_2_extracted,paired,False,
S2,CloseBigBox,S2_CloseBigBox_1_extracted,S2_CloseBigBox_2_extracted,paired,True,0
S2,CloseDoor,S2_CloseDoor_1_extracted,S2_CloseDoor_2_extracted,paired,True,1
S2,CloseDrawer,S2_CloseDrawer_1_extracted,S2_CloseDrawer_2_extracted,paired,True,2
S2,closedrawer,,,missing_both,False,
S2,Closedrawer,,,missing_both,False,
S2,CloseLidByRotate,S2_CloseLidByRotate_1_extracted,S2_CloseLidByRotate_2_extracted,paired,True,3
S2,Closeotherlid,,,missing_both,False,
S2,closeotherlid,,,missing_both,False,
S2,CloseOtherLid,S2_CloseOtherLid_1_extracted,S2_CloseOtherLid_2_extracted,paired,False,
S2,Closesmallbox,,,missing_both,False,
S2,closesmallbox,,,missing_both,False,
S2,CloseSmallBox,S2_CloseSmallBox_1_extracted,S2_CloseSmallBox_2_extracted,paired,False,
S2,Drink,S2_Drink_1_extracted,S2_Drink_2_extracted,paired,False,
S2,drink,,,missing_both,False,
S2,dryoffhand,,,missing_both,False,
S2,DryOffHand,S2_DryOffHand_1_extracted,S2_DryOffHand_2_extracted,paired,False,
S2,dryoffhandbyshake,,,missing_both,False,
S2,DryOffHandByShake,S2_DryOffHandByShake_1_extracted,S2_DryOffHandByShake_2_extracted,paired,False,
S2,Dryoffhands,,,missing_both,False,
S2,eatsmallthing,,,missing_both,False,
S2,EatSmallThing,S2_EatSmallThing_1_extracted,S2_EatSmallThing_2_extracted,paired,False,
S2,gargle,,,missing_both,False,
S2,Gargle,S2_Gargle_1_extracted,S2_Gargle_2_extracted,paired,False,
S2,GetUp,S2_GetUp_1_extracted,S2_GetUp_2_extracted,paired,False,
S2,getup,,,missing_both,False,
S2,Getup,,,missing_both,False,
S2,hang,,,missing_both,False,
S2,Hang,S2_Hang_1_extracted,S2_Hang_2_extracted,paired,False,
S2,Liedown,,,missing_both,False,
S2,LieDown,S2_LieDown_1_extracted,S2_LieDown_2_extracted,paired,False,
S2,liedown,,,missing_both,False,
S2,Lying,S2_Lying_1_extracted,S2_Lying_2_extracted,paired,False,
S2,lying,,,missing_both,False,
S2,OpenBag,S2_OpenBag_1_extracted,S2_OpenBag_2_extracted,paired,False,
S2,openbag,,,missing_both,False,
S2,Openbag,,,missing_both,False,
S2,Openbigbox,,,missing_both,False,
S2,openbigbox,,,missing_both,False,
S2,OpenBigBox,S2_OpenBigBox_1_extracted,S2_OpenBigBox_2_extracted,paired,False,
S2,OpenDoor,S2_OpenDoor_1_extracted,S2_OpenDoor_2_extracted,paired,False,
S2,opendoor,,,missing_both,False,
S2,Opendoor,,,missing_both,False,
S2,Opendrawer,,,missing_both,False,
S2,OpenDrawer,S2_OpenDrawer_1_extracted,S2_OpenDrawer_2_extracted,paired,False,
S2,opendrawer,,,missing_both,False,
S2,OpenLidByRotate,S2_OpenLidByRotate_1_extracted,S2_OpenLidByRotate_2_extracted,paired,False,
S2,Openlidbyrotate,,,missing_both,False,
S2,openlidbyrotate,,,missing_both,False,
S2,OpenOtherLid,S2_OpenOtherLid_1_extracted,S2_OpenOtherLid_2_extracted,paired,False,
S2,Openotherlid,,,missing_both,False,
S2,openotherlid,,,missing_both,False,
S2,OpenSmallBox,S2_OpenSmallBox_1_extracted,S2_OpenSmallBox_2_extracted,paired,False,
S2,opensmallbox,,,missing_both,False,
S2,Opensmallbox,,,missing_both,False,
S2,Plugin,,,missing_both,False,
S2,plugin,,,missing_both,False,
S2,PlugIn,S2_PlugIn_1_extracted,S2_PlugIn_2_extracted,paired,False,
S2,PressByGrasp,S2_PressByGrasp_1_extracted,S2_PressByGrasp_2_extracted,paired,False,
S2,Pressbygrasp,,,missing_both,False,
S2,Pressfromtop,,,missing_both,False,
S2,pressfromtop,,,missing_both,False,
S2,PressFromTop,S2_PressFromTop_1_extracted,S2_PressFromTop_2_extracted,paired,False,
S2,PressSwitch,S2_PressSwitch_1_extracted,S2_PressSwitch_2_extracted,paired,False,
S2,pressswitch,,,missing_both,False,
S2,PutFromBottle,S2_PutFromBottle_1_extracted,S2_PutFromBottle_2_extracted,paired,False,
S2,Putfrombottle,,,missing_both,False,
S2,putfrombottle,,,missing_both,False,
S2,PutFromTapWater,S2_PutFromTapWater_1_extracted,S2_PutFromTapWater_2_extracted,paired,False,
S2,Putfromtapwater,,,missing_both,False,
S2,putfromtapwater,,,missing_both,False,
S2,PutHighPosition,,,missing_both,False,
S2,PutOnFloor,S2_PutOnFloor_1_extracted,S2_PutOnFloor_2_extracted,paired,False,
S2,putonfloor,,,missing_both,False,
S2,Putonfloor,,,missing_both,False,
S2,putonhighposition,,,missing_both,False,
S2,PutOnHighPosition,S2_PutOnHighPosition_1_extracted,S2_PutOnHighPosition_2_extracted,paired,False,
S2,Read,S2_Read_1_extracted,S2_Read_2_extracted,paired,False,
S2,read,,,missing_both,False,
S2,Rotate,S2_Rotate_1_extracted,S2_Rotate_2_extracted,paired,False,
S2,rotate,,,missing_both,False,
S2,Rubhands,,,missing_both,False,
S2,RubHands,S2_RubHands_1_extracted,S2_RubHands_2_extracted,paired,False,
S2,rubhands,,,missing_both,False,
S2,ScoopAndPut,S2_ScoopAndPut_1_extracted,S2_ScoopAndPut_2_extracted,paired,False,
S2,scoopandput,,,missing_both,False,
S2,Scoopandput,,,missing_both,False,
S2,Sitdown,,,missing_both,False,
S2,SitDown,S2_SitDown_1_extracted,S2_SitDown_2_extracted,paired,False,
S2,sitdown,,,missing_both,False,
S2,Sitting,S2_Sitting_1_extracted,S2_Sitting_2_extracted,paired,False,
S2,sitting,,,missing_both,False,
S2,Squatdown,,,missing_both,False,
S2,squatdown,,,missing_both,False,
S2,SquatDown,S2_SquatDown_1_extracted,S2_SquatDown_2_extracted,paired,False,
S2,Squatting,S2_Squatting_1_extracted,S2_Squatting_2_extracted,paired,False,
S2,squatting,,,missing_both,False,
S2,Standing,S2_Standing_1_extracted,S2_Standing_2_extracted,paired,False,
S2,standing,,,missing_both,False,
S2,StandUp,S2_StandUp_1_extracted,S2_StandUp_2_extracted,paired,False,
S2,Standup,,,missing_both,False,
S2,standup,,,missing_both,False,
S2,Standupfromsquatting,,,missing_both,False,
S2,standupfromsquatting,,,missing_both,False,
S2,StandUpFromSquatting,S2_StandUpFromSquatting_1_extracted,S2_StandUpFromSquatting_2_extracted,paired,False,
S2,takefromfloor,,,missing_both,False,
S2,TakeFromFloor,S2_TakeFromFloor_1_extracted,S2_TakeFromFloor_2_extracted,paired,False,
S2,Takefromfloor,,,missing_both,False,
S2,Takefromhighposition,,,missing_both,False,
S2,TakeFromHighPosition,S2_TakeFromHighPosition_1_extracted,S2_TakeFromHighPosition_2_extracted,paired,False,
S2,takefromhighposition,,,missing_both,False,
S2,Takeoffjacket,,,missing_both,False,
S2,takeoffjacket,,,missing_both,False,
S2,TakeOffJacket,S2_TakeOffJacket_1_extracted,S2_TakeOffJacket_2_extracted,paired,False,
S2,TakeOut,S2_TakeOut_1_extracted,S2_TakeOut_2_extracted,paired,False,
S2,Takeout,,,missing_both,False,
S2,takeout,,,missing_both,False,
S2,TalkByPhone,,,missing_both,False,
S2,talkbyphone,S2_talkbyphone_1_extracted,S2_talkbyphone_2_extracted,paired,False,
S2,Throwout,,,missing_both,False,
S2,throwout,,,missing_both,False,
S2,ThrowOut,S2_ThrowOut_1_extracted,S2_ThrowOut_2_extracted,paired,False,
S2,ThrowOutWater,S2_ThrowOutWater_1_extracted,S2_ThrowOutWater_2_extracted,paired,False,
S2,Throwoutwater,,,missing_both,False,
S2,TouchSmartPhoneScreen,,,missing_both,False,
S2,touchsmartphonescreen,,,missing_both,False,
S2,TouchSmartphoneScreen,S2_TouchSmartphoneScreen_1_extracted,S2_TouchSmartphoneScreen_2_extracted,paired,False,
S2,Type,S2_Type_1_extracted,S2_Type_2_extracted,paired,False,
S2,type,,,missing_both,False,
S2,Unhang,S2_Unhang_1_extracted,S2_Unhang_2_extracted,paired,False,
S2,unhang,,,missing_both,False,
S2,Unplug,S2_Unplug_1_extracted,S2_Unplug_2_extracted,paired,False,
S2,unplug,,,missing_both,False,
S2,UnPlug,,,missing_both,False,
S2,walking,,,missing_both,False,
S2,Walking,S2_Walking_1_extracted,S2_Walking_2_extracted,paired,False,
S2,wearjacket,,,missing_both,False,
S2,WearJacket,S2_WearJacket_1_extracted,S2_WearJacket_2_extracted,paired,False,
S2,Wearjacket,,,missing_both,False,
S2,write,,,missing_both,False,
S2,Write,,,missing_both,False,
S3,Bending,S3_Bending_1_extracted,S3_Bending_2_extracted,paired,False,
S3,Bring,S3_Bring_1_extracted,S3_Bring_2_extracted,paired,False,
S3,CleanFloor,S3_CleanFloor_1_extracted,S3_CleanFloor_2_extracted,paired,False,
S3,Cleansurface,,,missing_both,False,
S3,CleanSurface,S3_CleanSurface_1_extracted,S3_CleanSurface_2_extracted,paired,False,
S3,CloseBigBox,S3_CloseBigBox_1_extracted,S3_CloseBigBox_2_extracted,paired,False,
S3,CloseDoor,S3_CloseDoor_1_extracted,S3_CloseDoor_2_extracted,paired,False,
S3,CloseDrawer,S3_CloseDrawer_1_extracted,S3_CloseDrawer_2_extracted,paired,False,
S3,closedrawer,,,missing_both,False,
S3,Closedrawer,,,missing_both,False,
S3,CloseLidByRotate,S3_CloseLidByRotate_1_extracted,S3_CloseLidByRotate_2_extracted,paired,False,
S3,Closeotherlid,,,missing_both,False,
S3,closeotherlid,S3_closeotherlid_1_extracted,S3_closeotherlid_2_extracted,paired,True,0
S3,CloseOtherLid,,,missing_both,False,
S3,Closesmallbox,,,missing_both,False,
S3,closesmallbox,S3_closesmallbox_1_extracted,S3_closesmallbox_2_extracted,paired,True,1
S3,CloseSmallBox,,,missing_both,False,
S3,Drink,,,missing_both,False,
S3,drink,S3_drink_1_extracted,S3_drink_2_extracted,paired,True,2
S3,dryoffhand,S3_dryoffhand_1_extracted,S3_dryoffhand_2_extracted,paired,True,3
S3,DryOffHand,,,missing_both,False,
S3,dryoffhandbyshake,S3_dryoffhandbyshake_1_extracted,S3_dryoffhandbyshake_2_extracted,paired,False,
S3,DryOffHandByShake,,,missing_both,False,
S3,Dryoffhands,,,missing_both,False,
S3,eatsmallthing,S3_eatsmallthing_1_extracted,S3_eatsmallthing_2_extracted,paired,False,
S3,EatSmallThing,,,missing_both,False,
S3,gargle,S3_gargle_1_extracted,S3_gargle_2_extracted,paired,False,
S3,Gargle,,,missing_both,False,
S3,GetUp,,,missing_both,False,
S3,getup,S3_getup_1_extracted,S3_getup_2_extracted,paired,False,
S3,Getup,,,missing_both,False,
S3,hang,S3_hang_1_extracted,S3_hang_2_extracted,paired,False,
S3,Hang,,,missing_both,False,
S3,Liedown,S3_Liedown_1_extracted,S3_Liedown_2_extracted,paired,False,
S3,LieDown,,,missing_both,False,
S3,liedown,,,missing_both,False,
S3,Lying,S3_Lying_1_extracted,S3_Lying_2_extracted,paired,False,
S3,lying,,,missing_both,False,
S3,OpenBag,,,missing_both,False,
S3,openbag,S3_openbag_1_extracted,S3_openbag_2_extracted,paired,False,
S3,Openbag,,,missing_both,False,
S3,Openbigbox,,,missing_both,False,
S3,openbigbox,S3_openbigbox_1_extracted,S3_openbigbox_2_extracted,paired,False,
S3,OpenBigBox,,,missing_both,False,
S3,OpenDoor,,,missing_both,False,
S3,opendoor,S3_opendoor_1_extracted,S3_opendoor_2_extracted,paired,False,
S3,Opendoor,,,missing_both,False,
S3,Opendrawer,,,missing_both,False,
S3,OpenDrawer,,,missing_both,False,
S3,opendrawer,S3_opendrawer_1_extracted,S3_opendrawer_2_extracted,paired,False,
S3,OpenLidByRotate,,,missing_both,False,
S3,Openlidbyrotate,,,missing_both,False,
S3,openlidbyrotate,S3_openlidbyrotate_1_extracted,S3_openlidbyrotate_2_extracted,paired,False,
S3,OpenOtherLid,,,missing_both,False,
S3,Openotherlid,,,missing_both,False,
S3,openotherlid,S3_openotherlid_1_extracted,S3_openotherlid_2_extracted,paired,False,
S3,OpenSmallBox,,,missing_both,False,
S3,opensmallbox,S3_opensmallbox_1_extracted,S3_opensmallbox_2_extracted,paired,False,
S3,Opensmallbox,,,missing_both,False,
S3,Plugin,,,missing_both,False,
S3,plugin,S3_plugin_1_extracted,S3_plugin_2_extracted,paired,False,
S3,PlugIn,,,missing_both,False,
S3,PressByGrasp,S3_PressByGrasp_1_extracted,S3_PressByGrasp_2_extracted,paired,False,
S3,Pressbygrasp,,,missing_both,False,
S3,Pressfromtop,,,missing_both,False,
S3,pressfromtop,S3_pressfromtop_1_extracted,S3_pressfromtop_2_extracted,paired,False,
S3,PressFromTop,,,missing_both,False,
S3,PressSwitch,,,missing_both,False,
S3,pressswitch,S3_pressswitch_1_extracted,S3_pressswitch_2_extracted,paired,False,
S3,PutFromBottle,,,missing_both,False,
S3,Putfrombottle,,,missing_both,False,
S3,putfrombottle,S3_putfrombottle_1_extracted,S3_putfrombottle_2_extracted,paired,False,
S3,PutFromTapWater,,,missing_both,False,
S3,Putfromtapwater,,,missing_both,False,
S3,putfromtapwater,S3_putfromtapwater_1_extracted,S3_putfromtapwater_2_extracted,paired,False,
S3,PutHighPosition,,,missing_both,False,
S3,PutOnFloor,,,missing_both,False,
S3,putonfloor,S3_putonfloor_1_extracted,S3_putonfloor_2_extracted,paired,False,
S3,Putonfloor,,,missing_both,False,
S3,putonhighposition,S3_putonhighposition_1_extracted,S3_putonhighposition_2_extracted,paired,False,
S3,PutOnHighPosition,,,missing_both,False,
S3,Read,,,missing_both,False,
S3,read,S3_read_1_extracted,S3_read_2_extracted,paired,False,
S3,Rotate,,,missing_both,False,
S3,rotate,S3_rotate_1_extracted,S3_rotate_2_extracted,paired,False,
S3,Rubhands,,,missing_both,False,
S3,RubHands,,,missing_both,False,
S3,rubhands,S3_rubhands_1_extracted,S3_rubhands_2_extracted,paired,False,
S3,ScoopAndPut,,,missing_both,False,
S3,scoopandput,S3_scoopandput_1_extracted,S3_scoopandput_2_extracted,paired,False,
S3,Scoopandput,,,missing_both,False,
S3,Sitdown,,,missing_both,False,
S3,SitDown,,,missing_both,False,
S3,sitdown,S3_sitdown_1_extracted,S3_sitdown_2_extracted,paired,False,
S3,Sitting,,,missing_both,False,
S3,sitting,S3_sitting_1_extracted,S3_sitting_2_extracted,paired,False,
S3,Squatdown,,,missing_both,False,
S3,squatdown,S3_squatdown_1_extracted,S3_squatdown_2_extracted,paired,False,
S3,SquatDown,,,missing_both,False,
S3,Squatting,,,missing_both,False,
S3,squatting,S3_squatting_1_extracted,S3_squatting_2_extracted,paired,False,
S3,Standing,S3_Standing_1_extracted,S3_Standing_2_extracted,paired,False,
S3,standing,,,missing_both,False,
S3,StandUp,,,missing_both,False,
S3,Standup,,,missing_both,False,
S3,standup,S3_standup_1_extracted,S3_standup_2_extracted,paired,False,
S3,Standupfromsquatting,,,missing_both,False,
S3,standupfromsquatting,S3_standupfromsquatting_1_extracted,S3_standupfromsquatting_2_extracted,paired,False,
S3,StandUpFromSquatting,,,missing_both,False,
S3,takefromfloor,S3_takefromfloor_1_extracted,S3_takefromfloor_2_extracted,paired,False,
S3,TakeFromFloor,,,missing_both,False,
S3,Takefromfloor,,,missing_both,False,
S3,Takefromhighposition,S3_Takefromhighposition_1_extracted,S3_Takefromhighposition_2_extracted,paired,False,
S3,TakeFromHighPosition,,,missing_both,False,
S3,takefromhighposition,,,missing_both,False,
S3,Takeoffjacket,,,missing_both,False,
S3,takeoffjacket,S3_takeoffjacket_1_extracted,S3_takeoffjacket_2_extracted,paired,False,
S3,TakeOffJacket,,,missing_both,False,
S3,TakeOut,,,missing_both,False,
S3,Takeout,,,missing_both,False,
S3,takeout,S3_takeout_1_extracted,S3_takeout_2_extracted,paired,False,
S3,TalkByPhone,,,missing_both,False,
S3,talkbyphone,S3_talkbyphone_1_extracted,S3_talkbyphone_2_extracted,paired,False,
S3,Throwout,,,missing_both,False,
S3,throwout,S3_throwout_1_extracted,S3_throwout_2_extracted,paired,False,
S3,ThrowOut,,,missing_both,False,
S3,ThrowOutWater,S3_ThrowOutWater_1_extracted,S3_ThrowOutWater_2_extracted,paired,False,
S3,Throwoutwater,,,missing_both,False,
S3,TouchSmartPhoneScreen,,,missing_both,False,
S3,touchsmartphonescreen,S3_touchsmartphonescreen_1_extracted,S3_touchsmartphonescreen_2_extracted,paired,False,
S3,TouchSmartphoneScreen,,,missing_both,False,
S3,Type,,,missing_both,False,
S3,type,S3_type_1_extracted,S3_type_2_extracted,paired,False,
S3,Unhang,,,missing_both,False,
S3,unhang,S3_unhang_1_extracted,S3_unhang_2_extracted,paired,False,
S3,Unplug,,,missing_both,False,
S3,unplug,S3_unplug_1_extracted,S3_unplug_2_extracted,paired,False,
S3,UnPlug,,,missing_both,False,
S3,walking,S3_walking_1_extracted,S3_walking_2_extracted,paired,False,
S3,Walking,,,missing_both,False,
S3,wearjacket,S3_wearjacket_1_extracted,S3_wearjacket_2_extracted,paired,False,
S3,WearJacket,,,missing_both,False,
S3,Wearjacket,,,missing_both,False,
S3,write,S3_write_1_extracted,S3_write_2_extracted,paired,False,
S3,Write,,,missing_both,False,
S4,Bending,S4_Bending_1_extracted,,missing_test,False,
S4,Bring,S4_Bring_1_extracted,,missing_test,False,
S4,CleanFloor,S4_CleanFloor_1_extracted,,missing_test,False,
S4,Cleansurface,,,missing_both,False,
S4,CleanSurface,S4_CleanSurface_1_extracted,,missing_test,False,
S4,CloseBigBox,S4_CloseBigBox_1_extracted,,missing_test,False,
S4,CloseDoor,S4_CloseDoor_1_extracted,,missing_test,False,
S4,CloseDrawer,S4_CloseDrawer_1_extracted,,missing_test,False,
S4,closedrawer,,,missing_both,False,
S4,Closedrawer,,,missing_both,False,
S4,CloseLidByRotate,S4_CloseLidByRotate_1_extracted,,missing_test,False,
S4,Closeotherlid,,,missing_both,False,
S4,closeotherlid,,,missing_both,False,
S4,CloseOtherLid,S4_CloseOtherLid_1_extracted,,missing_test,False,
S4,Closesmallbox,,,missing_both,False,
S4,closesmallbox,,,missing_both,False,
S4,CloseSmallBox,S4_CloseSmallBox_1_extracted,,missing_test,False,
S4,Drink,S4_Drink_1_extracted,,missing_test,False,
S4,drink,,,missing_both,False,
S4,dryoffhand,,,missing_both,False,
S4,DryOffHand,S4_DryOffHand_1_extracted,,missing_test,False,
S4,dryoffhandbyshake,,,missing_both,False,
S4,DryOffHandByShake,S4_DryOffHandByShake_1_extracted,,missing_test,True,0
S4,Dryoffhands,,,missing_both,False,
S4,eatsmallthing,S4_eatsmallthing_1_extracted,,missing_test,True,1
S4,EatSmallThing,,,missing_both,False,
S4,gargle,,,missing_both,False,
S4,Gargle,S4_Gargle_1_extracted,,missing_test,True,2
S4,GetUp,S4_GetUp_1_extracted,,missing_test,True,3
S4,getup,,,missing_both,False,
S4,Getup,,,missing_both,False,
S4,hang,,,missing_both,False,
S4,Hang,S4_Hang_1_extracted,,missing_test,False,
S4,Liedown,,,missing_both,False,
S4,LieDown,S4_LieDown_1_extracted,,missing_test,False,
S4,liedown,,,missing_both,False,
S4,Lying,S4_Lying_1_extracted,,missing_test,False,
S4,lying,,,missing_both,False,
S4,OpenBag,S4_OpenBag_1_extracted,,missing_test,False,
S4,openbag,,,missing_both,False,
S4,Openbag,,,missing_both,False,
S4,Openbigbox,,,missing_both,False,
S4,openbigbox,,,missing_both,False,
S4,OpenBigBox,S4_OpenBigBox_1_extracted,,missing_test,False,
S4,OpenDoor,S4_OpenDoor_1_extracted,,missing_test,False,
S4,opendoor,,,missing_both,False,
S4,Opendoor,,,missing_both,False,
S4,Opendrawer,,,missing_both,False,
S4,OpenDrawer,S4_OpenDrawer_1_extracted,,missing_test,False,
S4,opendrawer,,,missing_both,False,
S4,OpenLidByRotate,S4_OpenLidByRotate_1_extracted,,missing_test,False,
S4,Openlidbyrotate,,,missing_both,False,
S4,openlidbyrotate,,,missing_both,False,
S4,OpenOtherLid,S4_OpenOtherLid_1_extracted,,missing_test,False,
S4,Openotherlid,,,missing_both,False,
S4,openotherlid,,,missing_both,False,
S4,OpenSmallBox,S4_OpenSmallBox_1_extracted,,missing_test,False,
S4,opensmallbox,,,missing_both,False,
S4,Opensmallbox,,,missing_both,False,
S4,Plugin,,,missing_both,False,
S4,plugin,,,missing_both,False,
S4,PlugIn,S4_PlugIn_1_extracted,,missing_test,False,
S4,PressByGrasp,S4_PressByGrasp_1_extracted,,missing_test,False,
S4,Pressbygrasp,,,missing_both,False,
S4,Pressfromtop,,,missing_both,False,
S4,pressfromtop,,,missing_both,False,
S4,PressFromTop,S4_PressFromTop_1_extracted,,missing_test,False,
S4,PressSwitch,S4_PressSwitch_1_extracted,,missing_test,False,
S4,pressswitch,,,missing_both,False,
S4,PutFromBottle,S4_PutFromBottle_1_extracted,,missing_test,False,
S4,Putfrombottle,,,missing_both,False,
S4,putfrombottle,,,missing_both,False,
S4,PutFromTapWater,S4_PutFromTapWater_1_extracted,,missing_test,False,
S4,Putfromtapwater,,,missing_both,False,
S4,putfromtapwater,,,missing_both,False,
S4,PutHighPosition,S4_PutHighPosition_1_extracted,,missing_test,False,
S4,PutOnFloor,S4_PutOnFloor_1_extracted,,missing_test,False,
S4,putonfloor,,,missing_both,False,
S4,Putonfloor,,,missing_both,False,
S4,putonhighposition,,,missing_both,False,
S4,PutOnHighPosition,,,missing_both,False,
S4,Read,S4_Read_1_extracted,,missing_test,False,
S4,read,,,missing_both,False,
S4,Rotate,S4_Rotate_1_extracted,,missing_test,False,
S4,rotate,,,missing_both,False,
S4,Rubhands,,,missing_both,False,
S4,RubHands,S4_RubHands_1_extracted,,missing_test,False,
S4,rubhands,,,missing_both,False,
S4,ScoopAndPut,S4_ScoopAndPut_1_extracted,,missing_test,False,
S4,scoopandput,,,missing_both,False,
S4,Scoopandput,,,missing_both,False,
S4,Sitdown,,,missing_both,False,
S4,SitDown,S4_SitDown_1_extracted,,missing_test,False,
S4,sitdown,,,missing_both,False,
S4,Sitting,S4_Sitting_1_extracted,,missing_test,False,
S4,sitting,,,missing_both,False,
S4,Squatdown,,,missing_both,False,
S4,squatdown,,,missing_both,False,
S4,SquatDown,S4_SquatDown_1_extracted,,missing_test,False,
S4,Squatting,S4_Squatting_1_extracted,,missing_test,False,
S4,squatting,,,missing_both,False,
S4,Standing,S4_Standing_1_extracted,,missing_test,False,
S4,standing,,,missing_both,False,
S4,StandUp,S4_StandUp_1_extracted,,missing_test,False,
S4,Standup,,,missing_both,False,
S4,standup,,,missing_both,False,
S4,Standupfromsquatting,,,missing_both,False,
S4,standupfromsquatting,,,missing_both,False,
S4,StandUpFromSquatting,S4_StandUpFromSquatting_1_extracted,,missing_test,False,
S4,takefromfloor,,,missing_both,False,
S4,TakeFromFloor,S4_TakeFromFloor_1_extracted,,missing_test,False,
S4,Takefromfloor,,,missing_both,False,
S4,Takefromhighposition,,,missing_both,False,
S4,TakeFromHighPosition,S4_TakeFromHighPosition_1_extracted,,missing_test,False,
S4,takefromhighposition,,,missing_both,False,
S4,Takeoffjacket,,,missing_both,False,
S4,takeoffjacket,,,missing_both,False,
S4,TakeOffJacket,S4_TakeOffJacket_1_extracted,,missing_test,False,
S4,TakeOut,S4_TakeOut_1_extracted,,missing_test,False,
S4,Takeout,,,missing_both,False,
S4,takeout,,,missing_both,False,
S4,TalkByPhone,,,missing_both,False,
S4,talkbyphone,S4_talkbyphone_1_extracted,,missing_test,False,
S4,Throwout,,,missing_both,False,
S4,throwout,,,missing_both,False,
S4,ThrowOut,S4_ThrowOut_1_extracted,,missing_test,False,
S4,ThrowOutWater,S4_ThrowOutWater_1_extracted,,missing_test,False,
S4,Throwoutwater,,,missing_both,False,
S4,TouchSmartPhoneScreen,S4_TouchSmartPhoneScreen_1_extracted,,missing_test,False,
S4,touchsmartphonescreen,,,missing_both,False,
S4,TouchSmartphoneScreen,,,missing_both,False,
S4,Type,S4_Type_1_extracted,,missing_test,False,
S4,type,,,missing_both,False,
S4,Unhang,S4_Unhang_1_extracted,,missing_test,False,
S4,unhang,,,missing_both,False,
S4,Unplug,S4_Unplug_1_extracted,,missing_test,False,
S4,unplug,,,missing_both,False,
S4,UnPlug,,,missing_both,False,
S4,walking,,,missing_both,False,
S4,Walking,S4_Walking_1_extracted,,missing_test,False,
S4,wearjacket,,,missing_both,False,
S4,WearJacket,S4_WearJacket_1_extracted,,missing_test,False,
S4,Wearjacket,,,missing_both,False,
S4,write,,,missing_both,False,
S4,Write,S4_Write_1_extracted,,missing_test,False,
S5,Bending,S5_Bending_1_extracted,S5_Bending_2_extracted,paired,False,
S5,Bring,S5_Bring_1_extracted,S5_Bring_2_extracted,paired,False,
S5,CleanFloor,S5_CleanFloor_1_extracted,S5_CleanFloor_2_extracted,paired,False,
S5,Cleansurface,,,missing_both,False,
S5,CleanSurface,S5_CleanSurface_1_extracted,S5_CleanSurface_2_extracted,paired,False,
S5,CloseBigBox,S5_CloseBigBox_1_extracted,S5_CloseBigBox_2_extracted,paired,False,
S5,CloseDoor,S5_CloseDoor_1_extracted,S5_CloseDoor_2_extracted,paired,False,
S5,CloseDrawer,S5_CloseDrawer_1_extracted,S5_CloseDrawer_2_extracted,paired,False,
S5,closedrawer,,,missing_both,False,
S5,Closedrawer,,,missing_both,False,
S5,CloseLidByRotate,S5_CloseLidByRotate_1_extracted,S5_CloseLidByRotate_2_extracted,paired,False,
S5,Closeotherlid,,,missing_both,False,
S5,closeotherlid,,,missing_both,False,
S5,CloseOtherLid,S5_CloseOtherLid_1_extracted,S5_CloseOtherLid_2_extracted,paired,False,
S5,Closesmallbox,,,missing_both,False,
S5,closesmallbox,,,missing_both,False,
S5,CloseSmallBox,S5_CloseSmallBox_1_extracted,S5_CloseSmallBox_2_extracted,paired,False,
S5,Drink,S5_Drink_1_extracted,S5_Drink_2_extracted,paired,False,
S5,drink,,,missing_both,False,
S5,dryoffhand,,,missing_both,False,
S5,DryOffHand,S5_DryOffHand_1_extracted,S5_DryOffHand_2_extracted,paired,False,
S5,dryoffhandbyshake,,,missing_both,False,
S5,DryOffHandByShake,S5_DryOffHandByShake_1_extracted,S5_DryOffHandByShake_2_extracted,paired,False,
S5,Dryoffhands,,,missing_both,False,
S5,eatsmallthing,,,missing_both,False,
S5,EatSmallThing,S5_EatSmallThing_1_extracted,S5_EatSmallThing_2_extracted,paired,False,
S5,gargle,,,missing_both,False,
S5,Gargle,S5_Gargle_1_extracted,S5_Gargle_2_extracted,paired,False,
S5,GetUp,S5_GetUp_1_extracted,S5_GetUp_2_extracted,paired,False,
S5,getup,,,missing_both,False,
S5,Getup,,,missing_both,False,
S5,hang,,,missing_both,False,
S5,Hang,S5_Hang_1_extracted,S5_Hang_2_extracted,paired,True,0
S5,Liedown,,,missing_both,False,
S5,LieDown,S5_LieDown_1_extracted,S5_LieDown_2_extracted,paired,True,1
S5,liedown,,,missing_both,False,
S5,Lying,S5_Lying_1_extracted,S5_Lying_2_extracted,paired,True,2
S5,lying,,,missing_both,False,
S5,OpenBag,S5_OpenBag_1_extracted,S5_OpenBag_2_extracted,paired,True,3
S5,openbag,,,missing_both,False,
S5,Openbag,,,missing_both,False,
S5,Openbigbox,,,missing_both,False,
S5,openbigbox,,,missing_both,False,
S5,OpenBigBox,S5_OpenBigBox_1_extracted,S5_OpenBigBox_2_extracted,paired,False,
S5,OpenDoor,S5_OpenDoor_1_extracted,S5_OpenDoor_2_extracted,paired,False,
S5,opendoor,,,missing_both,False,
S5,Opendoor,,,missing_both,False,
S5,Opendrawer,,,missing_both,False,
S5,OpenDrawer,S5_OpenDrawer_1_extracted,S5_OpenDrawer_2_extracted,paired,False,
S5,opendrawer,,,missing_both,False,
S5,OpenLidByRotate,S5_OpenLidByRotate_1_extracted,S5_OpenLidByRotate_2_extracted,paired,False,
S5,Openlidbyrotate,,,missing_both,False,
S5,openlidbyrotate,,,missing_both,False,
S5,OpenOtherLid,S5_OpenOtherLid_1_extracted,S5_OpenOtherLid_2_extracted,paired,False,
S5,Openotherlid,,,missing_both,False,
S5,openotherlid,,,missing_both,False,
S5,OpenSmallBox,S5_OpenSmallBox_1_extracted,S5_OpenSmallBox_2_extracted,paired,False,
S5,opensmallbox,,,missing_both,False,
S5,Opensmallbox,,,missing_both,False,
S5,Plugin,S5_Plugin_1_extracted,S5_Plugin_2_extracted,paired,False,
S5,plugin,,,missing_both,False,
S5,PlugIn,,,missing_both,False,
S5,PressByGrasp,S5_PressByGrasp_1_extracted,S5_PressByGrasp_2_extracted,paired,False,
S5,Pressbygrasp,,,missing_both,False,
S5,Pressfromtop,,,missing_both,False,
S5,pressfromtop,,,missing_both,False,
S5,PressFromTop,S5_PressFromTop_1_extracted,S5_PressFromTop_2_extracted,paired,False,
S5,PressSwitch,S5_PressSwitch_1_extracted,S5_PressSwitch_2_extracted,paired,False,
S5,pressswitch,,,missing_both,False,
S5,PutFromBottle,S5_PutFromBottle_1_extracted,S5_PutFromBottle_2_extracted,paired,False,
S5,Putfrombottle,,,missing_both,False,
S5,putfrombottle,,,missing_both,False,
S5,PutFromTapWater,S5_PutFromTapWater_1_extracted,S5_PutFromTapWater_2_extracted,paired,False,
S5,Putfromtapwater,,,missing_both,False,
S5,putfromtapwater,,,missing_both,False,
S5,PutHighPosition,,,missing_both,False,
S5,PutOnFloor,S5_PutOnFloor_1_extracted,S5_PutOnFloor_2_extracted,paired,False,
S5,putonfloor,,,missing_both,False,
S5,Putonfloor,,,missing_both,False,
S5,putonhighposition,,,missing_both,False,
S5,PutOnHighPosition,S5_PutOnHighPosition_1_extracted,S5_PutOnHighPosition_2_extracted,paired,False,
S5,Read,S5_Read_1_extracted,S5_Read_2_extracted,paired,False,
S5,read,,,missing_both,False,
S5,Rotate,S5_Rotate_1_extracted,S5_Rotate_2_extracted,paired,False,
S5,rotate,,,missing_both,False,
S5,Rubhands,S5_Rubhands_1_extracted,S5_Rubhands_2_extracted,paired,False,
S5,RubHands,,,missing_both,False,
S5,rubhands,,,missing_both,False,
S5,ScoopAndPut,,S5_ScoopAndPut_2_extracted,missing_train,False,
S5,scoopandput,,,missing_both,False,
S5,Scoopandput,,,missing_both,False,
S5,Sitdown,S5_Sitdown_1_extracted,,missing_test,False,
S5,SitDown,,S5_SitDown_2_extracted,missing_train,False,
S5,sitdown,,,missing_both,False,
S5,Sitting,S5_Sitting_1_extracted,S5_Sitting_2_extracted,paired,False,
S5,sitting,,,missing_both,False,
S5,Squatdown,S5_Squatdown_1_extracted,,missing_test,False,
S5,squatdown,,,missing_both,False,
S5,SquatDown,,S5_SquatDown_2_extracted,missing_train,False,
S5,Squatting,S5_Squatting_1_extracted,S5_Squatting_2_extracted,paired,False,
S5,squatting,,,missing_both,False,
S5,Standing,S5_Standing_1_extracted,S5_Standing_2_extracted,paired,False,
S5,standing,,,missing_both,False,
S5,StandUp,,S5_StandUp_2_extracted,missing_train,False,
S5,Standup,S5_Standup_1_extracted,,missing_test,False,
S5,standup,,,missing_both,False,
S5,Standupfromsquatting,S5_Standupfromsquatting_1_extracted,,missing_test,False,
S5,standupfromsquatting,,,missing_both,False,
S5,StandUpFromSquatting,,S5_StandUpFromSquatting_2_extracted,missing_train,False,
S5,takefromfloor,,,missing_both,False,
S5,TakeFromFloor,S5_TakeFromFloor_1_extracted,S5_TakeFromFloor_2_extracted,paired,False,
S5,Takefromfloor,,,missing_both,False,
S5,Takefromhighposition,,,missing_both,False,
S5,TakeFromHighPosition,S5_TakeFromHighPosition_1_extracted,S5_TakeFromHighPosition_2_extracted,paired,False,
S5,takefromhighposition,,,missing_both,False,
S5,Takeoffjacket,,,missing_both,False,
S5,takeoffjacket,,,missing_both,False,
S5,TakeOffJacket,S5_TakeOffJacket_1_extracted,S5_TakeOffJacket_2_extracted,paired,False,
S5,TakeOut,S5_TakeOut_1_extracted,S5_TakeOut_2_extracted,paired,False,
S5,Takeout,,,missing_both,False,
S5,takeout,,,missing_both,False,
S5,TalkByPhone,,,missing_both,False,
S5,talkbyphone,,S5_talkbyphone_2_extracted,missing_train,False,
S5,Throwout,,,missing_both,False,
S5,throwout,,,missing_both,False,
S5,ThrowOut,S5_ThrowOut_1_extracted,S5_ThrowOut_2_extracted,paired,False,
S5,ThrowOutWater,S5_ThrowOutWater_1_extracted,S5_ThrowOutWater_2_extracted,paired,False,
S5,Throwoutwater,,,missing_both,False,
S5,TouchSmartPhoneScreen,,,missing_both,False,
S5,touchsmartphonescreen,S5_touchsmartphonescreen_1_extracted,S5_touchsmartphonescreen_2_extracted,paired,False,
S5,TouchSmartphoneScreen,,,missing_both,False,
S5,Type,S5_Type_1_extracted,S5_Type_2_extracted,paired,False,
S5,type,,,missing_both,False,
S5,Unhang,S5_Unhang_1_extracted,S5_Unhang_2_extracted,paired,False,
S5,unhang,,,missing_both,False,
S5,Unplug,S5_Unplug_1_extracted,S5_Unplug_2_extracted,paired,False,
S5,unplug,,,missing_both,False,
S5,UnPlug,,,missing_both,False,
S5,walking,,,missing_both,False,
S5,Walking,S5_Walking_1_extracted,S5_Walking_2_extracted,paired,False,
S5,wearjacket,,,missing_both,False,
S5,WearJacket,S5_WearJacket_1_extracted,S5_WearJacket_2_extracted,paired,False,
S5,Wearjacket,,,missing_both,False,
S5,write,,,missing_both,False,
S5,Write,S5_Write_1_extracted,S5_Write_2_extracted,paired,False,
S6,Bending,S6_Bending_1_extracted,S6_Bending_2_extracted,paired,False,
S6,Bring,S6_Bring_1_extracted,S6_Bring_2_extracted,paired,False,
S6,CleanFloor,S6_CleanFloor_1_extracted,S6_CleanFloor_2_extracted,paired,False,
S6,Cleansurface,,,missing_both,False,
S6,CleanSurface,S6_CleanSurface_1_extracted,S6_CleanSurface_2_extracted,paired,False,
S6,CloseBigBox,S6_CloseBigBox_1_extracted,S6_CloseBigBox_2_extracted,paired,False,
S6,CloseDoor,S6_CloseDoor_1_extracted,S6_CloseDoor_2_extracted,paired,False,
S6,CloseDrawer,S6_CloseDrawer_1_extracted,S6_CloseDrawer_2_extracted,paired,False,
S6,closedrawer,,,missing_both,False,
S6,Closedrawer,,,missing_both,False,
S6,CloseLidByRotate,S6_CloseLidByRotate_1_extracted,S6_CloseLidByRotate_2_extracted,paired,False,
S6,Closeotherlid,,,missing_both,False,
S6,closeotherlid,,,missing_both,False,
S6,CloseOtherLid,S6_CloseOtherLid_1_extracted,S6_CloseOtherLid_2_extracted,paired,False,
S6,Closesmallbox,,,missing_both,False,
S6,closesmallbox,,,missing_both,False,
S6,CloseSmallBox,S6_CloseSmallBox_1_extracted,S6_CloseSmallBox_2_extracted,paired,False,
S6,Drink,S6_Drink_1_extracted,S6_Drink_2_extracted,paired,False,
S6,drink,,,missing_both,False,
S6,dryoffhand,,,missing_both,False,
S6,DryOffHand,S6_DryOffHand_1_extracted,S6_DryOffHand_2_extracted,paired,False,
S6,dryoffhandbyshake,,,missing_both,False,
S6,DryOffHandByShake,S6_DryOffHandByShake_1_extracted,S6_DryOffHandByShake_2_extracted,paired,False,
S6,Dryoffhands,,,missing_both,False,
S6,eatsmallthing,,,missing_both,False,
S6,EatSmallThing,S6_EatSmallThing_1_extracted,S6_EatSmallThing_2_extracted,paired,False,
S6,gargle,,,missing_both,False,
S6,Gargle,S6_Gargle_1_extracted,S6_Gargle_2_extracted,paired,False,
S6,GetUp,S6_GetUp_1_extracted,S6_GetUp_2_extracted,paired,False,
S6,getup,,,missing_both,False,
S6,Getup,,,missing_both,False,
S6,hang,,,missing_both,False,
S6,Hang,S6_Hang_1_extracted,S6_Hang_2_extracted,paired,False,
S6,Liedown,,,missing_both,False,
S6,LieDown,S6_LieDown_1_extracted,S6_LieDown_2_extracted,paired,False,
S6,liedown,,,missing_both,False,
S6,Lying,S6_Lying_1_extracted,S6_Lying_2_extracted,paired,False,
S6,lying,,,missing_both,False,
S6,OpenBag,S6_OpenBag_1_extracted,S6_OpenBag_2_extracted,paired,False,
S6,openbag,,,missing_both,False,
S6,Openbag,,,missing_both,False,
S6,Openbigbox,,,missing_both,False,
S6,openbigbox,,,missing_both,False,
S6,OpenBigBox,S6_OpenBigBox_1_extracted,S6_OpenBigBox_2_extracted,paired,True,0
S6,OpenDoor,S6_OpenDoor_1_extracted,S6_OpenDoor_2_extracted,paired,True,1
S6,opendoor,,,missing_both,False,
S6,Opendoor,,,missing_both,False,
S6,Opendrawer,,,missing_both,False,
S6,OpenDrawer,S6_OpenDrawer_1_extracted,S6_OpenDrawer_2_extracted,paired,True,2
S6,opendrawer,,,missing_both,False,
S6,OpenLidByRotate,S6_OpenLidByRotate_1_extracted,S6_OpenLidByRotate_2_extracted,paired,True,3
S6,Openlidbyrotate,,,missing_both,False,
S6,openlidbyrotate,,,missing_both,False,
S6,OpenOtherLid,S6_OpenOtherLid_1_extracted,S6_OpenOtherLid_2_extracted,paired,False,
S6,Openotherlid,,,missing_both,False,
S6,openotherlid,,,missing_both,False,
S6,OpenSmallBox,S6_OpenSmallBox_1_extracted,S6_OpenSmallBox_2_extracted,paired,False,
S6,opensmallbox,,,missing_both,False,
S6,Opensmallbox,,,missing_both,False,
S6,Plugin,,,missing_both,False,
S6,plugin,,,missing_both,False,
S6,PlugIn,S6_PlugIn_1_extracted,S6_PlugIn_2_extracted,paired,False,
S6,PressByGrasp,S6_PressByGrasp_1_extracted,S6_PressByGrasp_2_extracted,paired,False,
S6,Pressbygrasp,,,missing_both,False,
S6,Pressfromtop,,,missing_both,False,
S6,pressfromtop,,,missing_both,False,
S6,PressFromTop,S6_PressFromTop_1_extracted,S6_PressFromTop_2_extracted,paired,False,
S6,PressSwitch,S6_PressSwitch_1_extracted,S6_PressSwitch_2_extracted,paired,False,
S6,pressswitch,,,missing_both,False,
S6,PutFromBottle,S6_PutFromBottle_1_extracted,S6_PutFromBottle_2_extracted,paired,False,
S6,Putfrombottle,,,missing_both,False,
S6,putfrombottle,,,missing_both,False,
S6,PutFromTapWater,S6_PutFromTapWater_1_extracted,S6_PutFromTapWater_2_extracted,paired,False,
S6,Putfromtapwater,,,missing_both,False,
S6,putfromtapwater,,,missing_both,False,
S6,PutHighPosition,,,missing_both,False,
S6,PutOnFloor,S6_PutOnFloor_1_extracted,S6_PutOnFloor_2_extracted,paired,False,
S6,putonfloor,,,missing_both,False,
S6,Putonfloor,,,missing_both,False,
S6,putonhighposition,,,missing_both,False,
S6,PutOnHighPosition,S6_PutOnHighPosition_1_extracted,S6_PutOnHighPosition_2_extracted,paired,False,
S6,Read,S6_Read_1_extracted,S6_Read_2_extracted,paired,False,
S6,read,,,missing_both,False,
S6,Rotate,S6_Rotate_1_extracted,S6_Rotate_2_extracted,paired,False,
S6,rotate,,,missing_both,False,
S6,Rubhands,,,missing_both,False,
S6,RubHands,S6_RubHands_1_extracted,S6_RubHands_2_extracted,paired,False,
S6,rubhands,,,missing_both,False,
S6,ScoopAndPut,S6_ScoopAndPut_1_extracted,S6_ScoopAndPut_2_extracted,paired,False,
S6,scoopandput,,,missing_both,False,
S6,Scoopandput,,,missing_both,False,
S6,Sitdown,S6_Sitdown_1_extracted,S6_Sitdown_2_extracted,paired,False,
S6,SitDown,,,missing_both,False,
S6,sitdown,,,missing_both,False,
S6,Sitting,S6_Sitting_1_extracted,S6_Sitting_2_extracted,paired,False,
S6,sitting,,,missing_both,False,
S6,Squatdown,,,missing_both,False,
S6,squatdown,,,missing_both,False,
S6,SquatDown,S6_SquatDown_1_extracted,S6_SquatDown_2_extracted,paired,False,
S6,Squatting,S6_Squatting_1_extracted,S6_Squatting_2_extracted,paired,False,
S6,squatting,,,missing_both,False,
S6,Standing,S6_Standing_1_extracted,S6_Standing_2_extracted,paired,False,
S6,standing,,,missing_both,False,
S6,StandUp,,,missing_both,False,
S6,Standup,S6_Standup_1_extracted,S6_Standup_2_extracted,paired,False,
S6,standup,,,missing_both,False,
S6,Standupfromsquatting,,,missing_both,False,
S6,standupfromsquatting,,,missing_both,False,
S6,StandUpFromSquatting,S6_StandUpFromSquatting_1_extracted,S6_StandUpFromSquatting_2_extracted,paired,False,
S6,takefromfloor,,,missing_both,False,
S6,TakeFromFloor,S6_TakeFromFloor_1_extracted,S6_TakeFromFloor_2_extracted,paired,False,
S6,Takefromfloor,,,missing_both,False,
S6,Takefromhighposition,,,missing_both,False,
S6,TakeFromHighPosition,S6_TakeFromHighPosition_1_extracted,S6_TakeFromHighPosition_2_extracted,paired,False,
S6,takefromhighposition,,,missing_both,False,
S6,Takeoffjacket,S6_Takeoffjacket_1_extracted,S6_Takeoffjacket_2_extracted,paired,False,
S6,takeoffjacket,,,missing_both,False,
S6,TakeOffJacket,,,missing_both,False,
S6,TakeOut,S6_TakeOut_1_extracted,S6_TakeOut_2_extracted,paired,False,
S6,Takeout,,,missing_both,False,
S6,takeout,,,missing_both,False,
S6,TalkByPhone,,,missing_both,False,
S6,talkbyphone,S6_talkbyphone_1_extracted,S6_talkbyphone_2_extracted,paired,False,
S6,Throwout,,,missing_both,False,
S6,throwout,,,missing_both,False,
S6,ThrowOut,S6_ThrowOut_1_extracted,S6_ThrowOut_2_extracted,paired,False,
S6,ThrowOutWater,S6_ThrowOutWater_1_extracted,S6_ThrowOutWater_2_extracted,paired,False,
S6,Throwoutwater,,,missing_both,False,
S6,TouchSmartPhoneScreen,S6_TouchSmartPhoneScreen_1_extracted,S6_TouchSmartPhoneScreen_2_extracted,paired,False,
S6,touchsmartphonescreen,,,missing_both,False,
S6,TouchSmartphoneScreen,,,missing_both,False,
S6,Type,S6_Type_1_extracted,S6_Type_2_extracted,paired,False,
S6,type,,,missing_both,False,
S6,Unhang,S6_Unhang_1_extracted,S6_Unhang_2_extracted,paired,False,
S6,unhang,,,missing_both,False,
S6,Unplug,,,missing_both,False,
S6,unplug,,,missing_both,False,
S6,UnPlug,S6_UnPlug_1_extracted,S6_UnPlug_2_extracted,paired,False,
S6,walking,S6_walking_1_extracted,S6_walking_2_extracted,paired,False,
S6,Walking,,,missing_both,False,
S6,wearjacket,,,missing_both,False,
S6,WearJacket,,,missing_both,False,
S6,Wearjacket,S6_Wearjacket_1_extracted,S6_Wearjacket_2_extracted,paired,False,
S6,write,,,missing_both,False,
S6,Write,S6_Write_1_extracted,S6_Write_2_extracted,paired,False,
S7,Bending,S7_Bending_1_extracted,S7_Bending_2_extracted,paired,False,
S7,Bring,S7_Bring_1_extracted,S7_Bring_2_extracted,paired,False,
S7,CleanFloor,S7_CleanFloor_1_extracted,S7_CleanFloor_2_extracted,paired,False,
S7,Cleansurface,,S7_Cleansurface_2_extracted,missing_train,False,
S7,CleanSurface,S7_CleanSurface_1_extracted,,missing_test,False,
S7,CloseBigBox,S7_CloseBigBox_1_extracted,S7_CloseBigBox_2_extracted,paired,False,
S7,CloseDoor,S7_CloseDoor_1_extracted,S7_CloseDoor_2_extracted,paired,False,
S7,CloseDrawer,,,missing_both,False,
S7,closedrawer,S7_closedrawer_1_extracted,,missing_test,False,
S7,Closedrawer,,S7_Closedrawer_2_extracted,missing_train,False,
S7,CloseLidByRotate,S7_CloseLidByRotate_1_extracted,S7_CloseLidByRotate_2_extracted,paired,False,
S7,Closeotherlid,S7_Closeotherlid_1_extracted,S7_Closeotherlid_2_extracted,paired,False,
S7,closeotherlid,,,missing_both,False,
S7,CloseOtherLid,,,missing_both,False,
S7,Closesmallbox,S7_Closesmallbox_1_extracted,S7_Closesmallbox_2_extracted,paired,False,
S7,closesmallbox,,,missing_both,False,
S7,CloseSmallBox,,,missing_both,False,
S7,Drink,S7_Drink_1_extracted,S7_Drink_2_extracted,paired,False,
S7,drink,,,missing_both,False,
S7,dryoffhand,,,missing_both,False,
S7,DryOffHand,,,missing_both,False,
S7,dryoffhandbyshake,S7_dryoffhandbyshake_1_extracted,S7_dryoffhandbyshake_2_extracted,paired,False,
S7,DryOffHandByShake,,,missing_both,False,
S7,Dryoffhands,S7_Dryoffhands_1_extracted,S7_Dryoffhands_2_extracted,paired,True,0
S7,eatsmallthing,S7_eatsmallthing_1_extracted,S7_eatsmallthing_2_extracted,paired,False,
S7,EatSmallThing,,,missing_both,False,
S7,gargle,,,missing_both,False,
S7,Gargle,S7_Gargle_1_extracted,S7_Gargle_2_extracted,paired,False,
S7,GetUp,,,missing_both,False,
S7,getup,,,missing_both,False,
S7,Getup,S7_Getup_1_extracted,S7_Getup_2_extracted,paired,False,
S7,hang,,,missing_both,False,
S7,Hang,S7_Hang_1_extracted,S7_Hang_2_extracted,paired,False,
S7,Liedown,S7_Liedown_1_extracted,S7_Liedown_2_extracted,paired,False,
S7,LieDown,,,missing_both,False,
S7,liedown,,,missing_both,False,
S7,Lying,S7_Lying_1_extracted,S7_Lying_2_extracted,paired,False,
S7,lying,,,missing_both,False,
S7,OpenBag,,,missing_both,False,
S7,openbag,,,missing_both,False,
S7,Openbag,S7_Openbag_1_extracted,S7_Openbag_2_extracted,paired,False,
S7,Openbigbox,S7_Openbigbox_1_extracted,S7_Openbigbox_2_extracted,paired,False,
S7,openbigbox,,,missing_both,False,
S7,OpenBigBox,,,missing_both,False,
S7,OpenDoor,,,missing_both,False,
S7,opendoor,,,missing_both,False,
S7,Opendoor,S7_Opendoor_1_extracted,S7_Opendoor_2_extracted,paired,False,
S7,Opendrawer,S7_Opendrawer_1_extracted,S7_Opendrawer_2_extracted,paired,False,
S7,OpenDrawer,,,missing_both,False,
S7,opendrawer,,,missing_both,False,
S7,OpenLidByRotate,,,missing_both,False,
S7,Openlidbyrotate,S7_Openlidbyrotate_1_extracted,S7_Openlidbyrotate_2_extracted,paired,False,
S7,openlidbyrotate,,,missing_both,False,
S7,OpenOtherLid,,,missing_both,False,
S7,Openotherlid,S7_Openotherlid_1_extracted,S7_Openotherlid_2_extracted,paired,True,1
S7,openotherlid,,,missing_both,False,
S7,OpenSmallBox,,,missing_both,False,
S7,opensmallbox,,,missing_both,False,
S7,Opensmallbox,S7_Opensmallbox_1_extracted,S7_Opensmallbox_2_extracted,paired,True,2
S7,Plugin,S7_Plugin_1_extracted,S7_Plugin_2_extracted,paired,True,3
S7,plugin,,,missing_both,False,
S7,PlugIn,,,missing_both,False,
S7,PressByGrasp,,,missing_both,False,
S7,Pressbygrasp,S7_Pressbygrasp_1_extracted,S7_Pressbygrasp_2_extracted,paired,False,
S7,Pressfromtop,S7_Pressfromtop_1_extracted,S7_Pressfromtop_2_extracted,paired,False,
S7,pressfromtop,,,missing_both,False,
S7,PressFromTop,,,missing_both,False,
S7,PressSwitch,S7_PressSwitch_1_extracted,S7_PressSwitch_2_extracted,paired,False,
S7,pressswitch,,,missing_both,False,
S7,PutFromBottle,,,missing_both,False,
S7,Putfrombottle,S7_Putfrombottle_1_extracted,S7_Putfrombottle_2_extracted,paired,False,
S7,putfrombottle,,,missing_both,False,
S7,PutFromTapWater,,,missing_both,False,
S7,Putfromtapwater,S7_Putfromtapwater_1_extracted,S7_Putfromtapwater_2_extracted,paired,False,
S7,putfromtapwater,,,missing_both,False,
S7,PutHighPosition,,,missing_both,False,
S7,PutOnFloor,,,missing_both,False,
S7,putonfloor,,,missing_both,False,
S7,Putonfloor,S7_Putonfloor_1_extracted,S7_Putonfloor_2_extracted,paired,False,
S7,putonhighposition,S7_putonhighposition_1_extracted,S7_putonhighposition_2_extracted,paired,False,
S7,PutOnHighPosition,,,missing_both,False,
S7,Read,S7_Read_1_extracted,S7_Read_2_extracted,paired,False,
S7,read,,,missing_both,False,
S7,Rotate,S7_Rotate_1_extracted,S7_Rotate_2_extracted,paired,False,
S7,rotate,,,missing_both,False,
S7,Rubhands,S7_Rubhands_1_extracted,S7_Rubhands_2_extracted,paired,False,
S7,RubHands,,,missing_both,False,
S7,rubhands,,,missing_both,False,
S7,ScoopAndPut,,,missing_both,False,
S7,scoopandput,,,missing_both,False,
S7,Scoopandput,S7_Scoopandput_1_extracted,S7_Scoopandput_2_extracted,paired,False,
S7,Sitdown,S7_Sitdown_1_extracted,S7_Sitdown_2_extracted,paired,False,
S7,SitDown,,,missing_both,False,
S7,sitdown,,,missing_both,False,
S7,Sitting,S7_Sitting_1_extracted,S7_Sitting_2_extracted,paired,False,
S7,sitting,,,missing_both,False,
S7,Squatdown,S7_Squatdown_1_extracted,S7_Squatdown_2_extracted,paired,False,
S7,squatdown,,,missing_both,False,
S7,SquatDown,,,missing_both,False,
S7,Squatting,S7_Squatting_1_extracted,S7_Squatting_2_extracted,paired,False,
S7,squatting,,,missing_both,False,
S7,Standing,S7_Standing_1_extracted,S7_Standing_2_extracted,paired,False,
S7,standing,,,missing_both,False,
S7,StandUp,,,missing_both,False,
S7,Standup,S7_Standup_1_extracted,S7_Standup_2_extracted,paired,False,
S7,standup,,,missing_both,False,
S7,Standupfromsquatting,S7_Standupfromsquatting_1_extracted,S7_Standupfromsquatting_2_extracted,paired,False,
S7,standupfromsquatting,,,missing_both,False,
S7,StandUpFromSquatting,,,missing_both,False,
S7,takefromfloor,,,missing_both,False,
S7,TakeFromFloor,,,missing_both,False,
S7,Takefromfloor,S7_Takefromfloor_1_extracted,S7_Takefromfloor_2_extracted,paired,False,
S7,Takefromhighposition,S7_Takefromhighposition_1_extracted,S7_Takefromhighposition_2_extracted,paired,False,
S7,TakeFromHighPosition,,,missing_both,False,
S7,takefromhighposition,,,missing_both,False,
S7,Takeoffjacket,S7_Takeoffjacket_1_extracted,S7_Takeoffjacket_2_extracted,paired,False,
S7,takeoffjacket,,,missing_both,False,
S7,TakeOffJacket,,,missing_both,False,
S7,TakeOut,,,missing_both,False,
S7,Takeout,S7_Takeout_1_extracted,S7_Takeout_2_extracted,paired,False,
S7,takeout,,,missing_both,False,
S7,TalkByPhone,,,missing_both,False,
S7,talkbyphone,S7_talkbyphone_1_extracted,S7_talkbyphone_2_extracted,paired,False,
S7,Throwout,S7_Throwout_1_extracted,S7_Throwout_2_extracted,paired,False,
S7,throwout,,,missing_both,False,
S7,ThrowOut,,,missing_both,False,
S7,ThrowOutWater,,,missing_both,False,
S7,Throwoutwater,S7_Throwoutwater_1_extracted,S7_Throwoutwater_2_extracted,paired,False,
S7,TouchSmartPhoneScreen,,,missing_both,False,
S7,touchsmartphonescreen,S7_touchsmartphonescreen_1_extracted,S7_touchsmartphonescreen_2_extracted,paired,False,
S7,TouchSmartphoneScreen,,,missing_both,False,
S7,Type,S7_Type_1_extracted,S7_Type_2_extracted,paired,False,
S7,type,,,missing_both,False,
S7,Unhang,S7_Unhang_1_extracted,S7_Unhang_2_extracted,paired,False,
S7,unhang,,,missing_both,False,
S7,Unplug,S7_Unplug_1_extracted,S7_Unplug_2_extracted,paired,False,
S7,unplug,,,missing_both,False,
S7,UnPlug,,,missing_both,False,
S7,walking,,,missing_both,False,
S7,Walking,S7_Walking_1_extracted,S7_Walking_2_extracted,paired,False,
S7,wearjacket,,,missing_both,False,
S7,WearJacket,,,missing_both,False,
S7,Wearjacket,S7_Wearjacket_1_extracted,S7_Wearjacket_2_extracted,paired,False,
S7,write,,,missing_both,False,
S7,Write,S7_Write_1_extracted,S7_Write_2_extracted,paired,False,
S8,Bending,S8_Bending_1_extracted,S8_Bending_2_extracted,paired,False,
S8,Bring,S8_Bring_1_extracted,S8_Bring_2_extracted,paired,False,
S8,CleanFloor,S8_CleanFloor_1_extracted,S8_CleanFloor_2_extracted,paired,False,
S8,Cleansurface,,,missing_both,False,
S8,CleanSurface,S8_CleanSurface_1_extracted,S8_CleanSurface_2_extracted,paired,False,
S8,CloseBigBox,S8_CloseBigBox_1_extracted,S8_CloseBigBox_2_extracted,paired,False,
S8,CloseDoor,S8_CloseDoor_1_extracted,S8_CloseDoor_2_extracted,paired,False,
S8,CloseDrawer,S8_CloseDrawer_1_extracted,S8_CloseDrawer_2_extracted,paired,False,
S8,closedrawer,,,missing_both,False,
S8,Closedrawer,,,missing_both,False,
S8,CloseLidByRotate,S8_CloseLidByRotate_1_extracted,S8_CloseLidByRotate_2_extracted,paired,False,
S8,Closeotherlid,,,missing_both,False,
S8,closeotherlid,,,missing_both,False,
S8,CloseOtherLid,S8_CloseOtherLid_1_extracted,S8_CloseOtherLid_2_extracted,paired,False,
S8,Closesmallbox,,,missing_both,False,
S8,closesmallbox,S8_closesmallbox_1_extracted,S8_closesmallbox_2_extracted,paired,False,
S8,CloseSmallBox,,,missing_both,False,
S8,Drink,,,missing_both,False,
S8,drink,S8_drink_1_extracted,S8_drink_2_extracted,paired,False,
S8,dryoffhand,,,missing_both,False,
S8,DryOffHand,S8_DryOffHand_1_extracted,S8_DryOffHand_2_extracted,paired,False,
S8,dryoffhandbyshake,S8_dryoffhandbyshake_1_extracted,S8_dryoffhandbyshake_2_extracted,paired,False,
S8,DryOffHandByShake,,,missing_both,False,
S8,Dryoffhands,,,missing_both,False,
S8,eatsmallthing,S8_eatsmallthing_1_extracted,S8_eatsmallthing_2_extracted,paired,False,
S8,EatSmallThing,,,missing_both,False,
S8,gargle,,,missing_both,False,
S8,Gargle,S8_Gargle_1_extracted,S8_Gargle_2_extracted,paired,False,
S8,GetUp,,,missing_both,False,
S8,getup,S8_getup_1_extracted,S8_getup_2_extracted,paired,False,
S8,Getup,,,missing_both,False,
S8,hang,S8_hang_1_extracted,S8_hang_2_extracted,paired,False,
S8,Hang,,,missing_both,False,
S8,Liedown,,,missing_both,False,
S8,LieDown,,,missing_both,False,
S8,liedown,S8_liedown_1_extracted,S8_liedown_2_extracted,paired,False,
S8,Lying,,,missing_both,False,
S8,lying,S8_lying_1_extracted,S8_lying_2_extracted,paired,False,
S8,OpenBag,S8_OpenBag_1_extracted,S8_OpenBag_2_extracted,paired,False,
S8,openbag,,,missing_both,False,
S8,Openbag,,,missing_both,False,
S8,Openbigbox,,,missing_both,False,
S8,openbigbox,,,missing_both,False,
S8,OpenBigBox,S8_OpenBigBox_1_extracted,S8_OpenBigBox_2_extracted,paired,False,
S8,OpenDoor,,,missing_both,False,
S8,opendoor,S8_opendoor_1_extracted,S8_opendoor_2_extracted,paired,False,
S8,Opendoor,,,missing_both,False,
S8,Opendrawer,,,missing_both,False,
S8,OpenDrawer,S8_OpenDrawer_1_extracted,S8_OpenDrawer_2_extracted,paired,False,
S8,opendrawer,,,missing_both,False,
S8,OpenLidByRotate,S8_OpenLidByRotate_1_extracted,S8_OpenLidByRotate_2_extracted,paired,False,
S8,Openlidbyrotate,,,missing_both,False,
S8,openlidbyrotate,,,missing_both,False,
S8,OpenOtherLid,S8_OpenOtherLid_1_extracted,S8_OpenOtherLid_2_extracted,paired,False,
S8,Openotherlid,,,missing_both,False,
S8,openotherlid,,,missing_both,False,
S8,OpenSmallBox,,,missing_both,False,
S8,opensmallbox,S8_opensmallbox_1_extracted,S8_opensmallbox_2_extracted,paired,False,
S8,Opensmallbox,,,missing_both,False,
S8,Plugin,,,missing_both,False,
S8,plugin,,,missing_both,False,
S8,PlugIn,S8_PlugIn_1_extracted,S8_PlugIn_2_extracted,paired,False,
S8,PressByGrasp,S8_PressByGrasp_1_extracted,S8_PressByGrasp_2_extracted,paired,True,0
S8,Pressbygrasp,,,missing_both,False,
S8,Pressfromtop,S8_Pressfromtop_1_extracted,S8_Pressfromtop_2_extracted,paired,True,1
S8,pressfromtop,,,missing_both,False,
S8,PressFromTop,,,missing_both,False,
S8,PressSwitch,S8_PressSwitch_1_extracted,S8_PressSwitch_2_extracted,paired,True,2
S8,pressswitch,,,missing_both,False,
S8,PutFromBottle,S8_PutFromBottle_1_extracted,S8_PutFromBottle_2_extracted,paired,True,3
S8,Putfrombottle,,,missing_both,False,
S8,putfrombottle,,,missing_both,False,
S8,PutFromTapWater,,,missing_both,False,
S8,Putfromtapwater,S8_Putfromtapwater_1_extracted,S8_Putfromtapwater_2_extracted,paired,False,
S8,putfromtapwater,,,missing_both,False,
S8,PutHighPosition,,,missing_both,False,
S8,PutOnFloor,,,missing_both,False,
S8,putonfloor,S8_putonfloor_1_extracted,S8_putonfloor_2_extracted,paired,False,
S8,Putonfloor,,,missing_both,False,
S8,putonhighposition,S8_putonhighposition_1_extracted,S8_putonhighposition_2_extracted,paired,False,
S8,PutOnHighPosition,,,missing_both,False,
S8,Read,,,missing_both,False,
S8,read,S8_read_1_extracted,S8_read_2_extracted,paired,False,
S8,Rotate,,,missing_both,False,
S8,rotate,S8_rotate_1_extracted,S8_rotate_2_extracted,paired,False,
S8,Rubhands,,,missing_both,False,
S8,RubHands,S8_RubHands_1_extracted,S8_RubHands_2_extracted,paired,False,
S8,rubhands,,,missing_both,False,
S8,ScoopAndPut,,,missing_both,False,
S8,scoopandput,S8_scoopandput_1_extracted,S8_scoopandput_2_extracted,paired,False,
S8,Scoopandput,,,missing_both,False,
S8,Sitdown,,,missing_both,False,
S8,SitDown,,,missing_both,False,
S8,sitdown,S8_sitdown_1_extracted,S8_sitdown_2_extracted,paired,False,
S8,Sitting,,,missing_both,False,
S8,sitting,S8_sitting_1_extracted,S8_sitting_2_extracted,paired,False,
S8,Squatdown,,,missing_both,False,
S8,squatdown,S8_squatdown_1_extracted,S8_squatdown_2_extracted,paired,False,
S8,SquatDown,,,missing_both,False,
S8,Squatting,,,missing_both,False,
S8,squatting,S8_squatting_1_extracted,S8_squatting_2_extracted,paired,False,
S8,Standing,,,missing_both,False,
S8,standing,S8_standing_1_extracted,S8_standing_2_extracted,paired,False,
S8,StandUp,,,missing_both,False,
S8,Standup,,,missing_both,False,
S8,standup,S8_standup_1_extracted,S8_standup_2_extracted,paired,False,
S8,Standupfromsquatting,,,missing_both,False,
S8,standupfromsquatting,S8_standupfromsquatting_1_extracted,S8_standupfromsquatting_2_extracted,paired,False,
S8,StandUpFromSquatting,,,missing_both,False,
S8,takefromfloor,,,missing_both,False,
S8,TakeFromFloor,S8_TakeFromFloor_1_extracted,S8_TakeFromFloor_2_extracted,paired,False,
S8,Takefromfloor,,,missing_both,False,
S8,Takefromhighposition,,,missing_both,False,
S8,TakeFromHighPosition,,,missing_both,False,
S8,takefromhighposition,S8_takefromhighposition_1_extracted,S8_takefromhighposition_2_extracted,paired,False,
S8,Takeoffjacket,,,missing_both,False,
S8,takeoffjacket,S8_takeoffjacket_1_extracted,S8_takeoffjacket_2_extracted,paired,False,
S8,TakeOffJacket,,,missing_both,False,
S8,TakeOut,,,missing_both,False,
S8,Takeout,,,missing_both,False,
S8,takeout,S8_takeout_1_extracted,S8_takeout_2_extracted,paired,False,
S8,TalkByPhone,,,missing_both,False,
S8,talkbyphone,S8_talkbyphone_1_extracted,S8_talkbyphone_2_extracted,paired,False,
S8,Throwout,,,missing_both,False,
S8,throwout,,,missing_both,False,
S8,ThrowOut,S8_ThrowOut_1_extracted,S8_ThrowOut_2_extracted,paired,False,
S8,ThrowOutWater,,,missing_both,False,
S8,Throwoutwater,S8_Throwoutwater_1_extracted,S8_Throwoutwater_2_extracted,paired,False,
S8,TouchSmartPhoneScreen,,,missing_both,False,
S8,touchsmartphonescreen,S8_touchsmartphonescreen_1_extracted,S8_touchsmartphonescreen_2_extracted,paired,False,
S8,TouchSmartphoneScreen,,,missing_both,False,
S8,Type,,,missing_both,False,
S8,type,S8_type_1_extracted,S8_type_2_extracted,paired,False,
S8,Unhang,,,missing_both,False,
S8,unhang,S8_unhang_1_extracted,S8_unhang_2_extracted,paired,False,
S8,Unplug,S8_Unplug_1_extracted,S8_Unplug_2_extracted,paired,False,
S8,unplug,,,missing_both,False,
S8,UnPlug,,,missing_both,False,
S8,walking,S8_walking_1_extracted,S8_walking_2_extracted,paired,False,
S8,Walking,,,missing_both,False,
S8,wearjacket,S8_wearjacket_1_extracted,S8_wearjacket_2_extracted,paired,False,
S8,WearJacket,,,missing_both,False,
S8,Wearjacket,,,missing_both,False,
S8,write,S8_write_1_extracted,S8_write_2_extracted,paired,False,
S8,Write,,,missing_both,False,
