subject,activity,train_or_test,activity_instance,event,window_id,label,original_folder,split
S4,DryOffHandByShake,train,1,Event_0,0,0,S4_DryOffHandByShake_1_extracted,train
S4,DryOffHandByShake,train,1,Event_1,0,0,S4_DryOffHandByShake_1_extracted,train
S4,DryOffHandByShake,train,1,Event_2,0,0,S4_DryOffHandByShake_1_extracted,train
S4,DryOffHandByShake,train,1,Event_3,0,0,S4_DryOffHandByShake_1_extracted,train
S4,DryOffHandByShake,train,1,Event_4,0,0,S4_DryOffHandByShake_1_extracted,train
S4,DryOffHandByShake,train,1,Event_5,0,0,S4_DryOffHandByShake_1_extracted,train
S4,DryOffHandByShake,train,1,Event_6,0,0,S4_DryOffHandByShake_1_extracted,train
S4,DryOffHandByShake,train,1,Event_7,0,0,S4_DryOffHandByShake_1_extracted,train
S4,DryOffHandByShake,train,1,Event_8,0,0,S4_DryOffHandByShake_1_extracted,train
S4,DryOffHandByShake,train,1,Event_9,0,0,S4_DryOffHandByShake_1_extracted,train
S4,eatsmallthing,train,1,Event_0,0,1,S4_eatsmallthing_1_extracted,train
S4,eatsmallthing,train,1,Event_1,0,1,S4_eatsmallthing_1_extracted,train
S4,eatsmallthing,train,1,Event_2,0,1,S4_eatsmallthing_1_extracted,train
S4,eatsmallthing,train,1,Event_3,0,1,S4_eatsmallthing_1_extracted,train
S4,eatsmallthing,train,1,Event_4,0,1,S4_eatsmallthing_1_extracted,train
S4,eatsmallthing,train,1,Event_5,0,1,S4_eatsmallthing_1_extracted,train
S4,eatsmallthing,train,1,Event_6,0,1,S4_eatsmallthing_1_extracted,train
S4,Gargle,train,1,Event_0,0,2,S4_Gargle_1_extracted,train
S4,Gargle,train,1,Event_1,0,2,S4_Gargle_1_extracted,train
S4,Gargle,train,1,Event_2,0,2,S4_Gargle_1_extracted,train
S4,Gargle,train,1,Event_3,0,2,S4_Gargle_1_extracted,train
S4,Gargle,train,1,Event_4,0,2,S4_Gargle_1_extracted,train
S4,Gargle,train,1,Event_5,0,2,S4_Gargle_1_extracted,train
S4,Gargle,train,1,Event_6,0,2,S4_Gargle_1_extracted,train
S4,Gargle,train,1,Event_7,0,2,S4_Gargle_1_extracted,train
S4,GetUp,train,1,Event_0,0,3,S4_GetUp_1_extracted,train
S4,GetUp,train,1,Event_1,0,3,S4_GetUp_1_extracted,train
S4,GetUp,train,1,Event_2,0,3,S4_GetUp_1_extracted,train
S4,GetUp,train,1,Event_3,0,3,S4_GetUp_1_extracted,train
S4,GetUp,train,1,Event_4,0,3,S4_GetUp_1_extracted,train
S4,GetUp,train,1,Event_5,0,3,S4_GetUp_1_extracted,train
S4,GetUp,train,1,Event_6,0,3,S4_GetUp_1_extracted,train
S4,GetUp,train,1,Event_7,0,3,S4_GetUp_1_extracted,train
S4,GetUp,train,1,Event_8,0,3,S4_GetUp_1_extracted,train
S4,GetUp,train,1,Event_9,0,3,S4_GetUp_1_extracted,train
S4,GetUp,train,1,Event_10,0,3,S4_GetUp_1_extracted,train
